protein,tm_IF,tm_OF,set,set_name
ASCT2,0.7871,0.589,Set 1,32 sequences
ASCT2,0.7497,0.7494,Set 1,32 sequences
ASCT2,0.8248,0.711,Set 1,32 sequences
ASCT2,0.9091,0.651,Set 1,32 sequences
ASCT2,0.6324,0.8666,Set 1,32 sequences
ASCT2,0.8232,0.6921,Set 1,32 sequences
ASCT2,0.8565,0.6726,Set 1,32 sequences
ASCT2,0.7871,0.7017,Set 1,32 sequences
ASCT2,0.6558,0.833,Set 1,32 sequences
ASCT2,0.729,0.8276,Set 1,32 sequences
ASCT2,0.8684,0.6207,Set 1,32 sequences
ASCT2,0.664,0.8056,Set 1,32 sequences
ASCT2,0.8183,0.7248,Set 1,32 sequences
ASCT2,0.8595,0.6308,Set 1,32 sequences
ASCT2,0.861,0.6674,Set 1,32 sequences
ASCT2,0.6666,0.8962,Set 1,32 sequences
ASCT2,0.8028,0.7033,Set 1,32 sequences
ASCT2,0.8722,0.6748,Set 1,32 sequences
ASCT2,0.6399,0.8766,Set 1,32 sequences
ASCT2,0.6233,0.9063,Set 1,32 sequences
ASCT2,0.9076,0.6486,Set 1,32 sequences
ASCT2,0.5914,0.8857,Set 1,32 sequences
ASCT2,0.6839,0.7808,Set 1,32 sequences
ASCT2,0.633,0.8994,Set 1,32 sequences
ASCT2,0.6261,0.9112,Set 1,32 sequences
ASCT2,0.6505,0.8867,Set 1,32 sequences
ASCT2,0.6537,0.8869,Set 1,32 sequences
ASCT2,0.9014,0.6512,Set 1,32 sequences
ASCT2,0.7541,0.6585,Set 1,32 sequences
ASCT2,0.8608,0.6877,Set 1,32 sequences
ASCT2,0.831,0.6232,Set 1,32 sequences
ASCT2,0.6452,0.7781,Set 1,32 sequences
ASCT2,0.6705,0.8182,Set 1,32 sequences
ASCT2,0.6703,0.8047,Set 1,32 sequences
ASCT2,0.8888,0.6888,Set 1,32 sequences
ASCT2,0.7747,0.7165,Set 1,32 sequences
ASCT2,0.6539,0.8011,Set 1,32 sequences
ASCT2,0.7734,0.7251,Set 1,32 sequences
ASCT2,0.8938,0.6596,Set 1,32 sequences
ASCT2,0.9016,0.6576,Set 1,32 sequences
ASCT2,0.6622,0.8744,Set 1,32 sequences
ASCT2,0.8586,0.6998,Set 1,32 sequences
ASCT2,0.6627,0.7891,Set 1,32 sequences
ASCT2,0.901,0.6586,Set 1,32 sequences
ASCT2,0.8617,0.6544,Set 1,32 sequences
ASCT2,0.8604,0.6108,Set 1,32 sequences
ASCT2,0.8922,0.6509,Set 1,32 sequences
ASCT2,0.9025,0.6404,Set 1,32 sequences
ASCT2,0.6652,0.8838,Set 1,32 sequences
ASCT2,0.6044,0.774,Set 1,32 sequences
MCT1 (without templates),0.9424,0.8761,Set 1,32 sequences
MCT1 (without templates),0.9672,0.8216,Set 1,32 sequences
MCT1 (without templates),0.9616,0.8503,Set 1,32 sequences
MCT1 (without templates),0.9586,0.8552,Set 1,32 sequences
MCT1 (without templates),0.9715,0.8006,Set 1,32 sequences
MCT1 (without templates),0.9714,0.8279,Set 1,32 sequences
MCT1 (without templates),0.9755,0.8182,Set 1,32 sequences
MCT1 (without templates),0.9561,0.8493,Set 1,32 sequences
MCT1 (without templates),0.9725,0.8251,Set 1,32 sequences
MCT1 (without templates),0.9742,0.7998,Set 1,32 sequences
MCT1 (without templates),0.9665,0.8449,Set 1,32 sequences
MCT1 (without templates),0.9791,0.801,Set 1,32 sequences
MCT1 (without templates),0.9554,0.8611,Set 1,32 sequences
MCT1 (without templates),0.9665,0.8348,Set 1,32 sequences
MCT1 (without templates),0.9768,0.8088,Set 1,32 sequences
MCT1 (without templates),0.9524,0.86,Set 1,32 sequences
MCT1 (without templates),0.9731,0.8117,Set 1,32 sequences
MCT1 (without templates),0.9551,0.8707,Set 1,32 sequences
MCT1 (without templates),0.9741,0.7999,Set 1,32 sequences
MCT1 (without templates),0.9775,0.8073,Set 1,32 sequences
MCT1 (without templates),0.9711,0.8191,Set 1,32 sequences
MCT1 (without templates),0.9793,0.8036,Set 1,32 sequences
MCT1 (without templates),0.936,0.8977,Set 1,32 sequences
MCT1 (without templates),0.9723,0.7862,Set 1,32 sequences
MCT1 (without templates),0.976,0.8081,Set 1,32 sequences
MCT1 (without templates),0.9775,0.8026,Set 1,32 sequences
MCT1 (without templates),0.9721,0.7994,Set 1,32 sequences
MCT1 (without templates),0.9761,0.7976,Set 1,32 sequences
MCT1 (without templates),0.9753,0.8014,Set 1,32 sequences
MCT1 (without templates),0.9735,0.8121,Set 1,32 sequences
MCT1 (without templates),0.9773,0.801,Set 1,32 sequences
MCT1 (without templates),0.9759,0.7973,Set 1,32 sequences
MCT1 (without templates),0.9737,0.8009,Set 1,32 sequences
MCT1 (without templates),0.9805,0.8103,Set 1,32 sequences
MCT1 (without templates),0.9782,0.8058,Set 1,32 sequences
MCT1 (without templates),0.9734,0.842,Set 1,32 sequences
MCT1 (without templates),0.9753,0.8187,Set 1,32 sequences
MCT1 (without templates),0.9733,0.8166,Set 1,32 sequences
MCT1 (without templates),0.9792,0.8064,Set 1,32 sequences
MCT1 (without templates),0.967,0.8349,Set 1,32 sequences
MCT1 (without templates),0.959,0.8784,Set 1,32 sequences
MCT1 (without templates),0.9775,0.8024,Set 1,32 sequences
MCT1 (without templates),0.9696,0.8209,Set 1,32 sequences
MCT1 (without templates),0.9562,0.8565,Set 1,32 sequences
MCT1 (without templates),0.9587,0.8749,Set 1,32 sequences
MCT1 (without templates),0.975,0.8199,Set 1,32 sequences
MCT1 (without templates),0.9766,0.8168,Set 1,32 sequences
MCT1 (without templates),0.9746,0.8028,Set 1,32 sequences
MCT1 (without templates),0.9749,0.7996,Set 1,32 sequences
MCT1 (without templates),0.9789,0.8042,Set 1,32 sequences
STP10,0.9127,0.9235,Set 1,32 sequences
STP10,0.898,0.9296,Set 1,32 sequences
STP10,0.8849,0.9432,Set 1,32 sequences
STP10,0.9073,0.9234,Set 1,32 sequences
STP10,0.946,0.8897,Set 1,32 sequences
STP10,0.9042,0.9268,Set 1,32 sequences
STP10,0.9078,0.9277,Set 1,32 sequences
STP10,0.9361,0.903,Set 1,32 sequences
STP10,0.9072,0.9286,Set 1,32 sequences
STP10,0.8803,0.9429,Set 1,32 sequences
STP10,0.8828,0.9465,Set 1,32 sequences
STP10,0.8937,0.9406,Set 1,32 sequences
STP10,0.8976,0.9337,Set 1,32 sequences
STP10,0.8817,0.9428,Set 1,32 sequences
STP10,0.9233,0.897,Set 1,32 sequences
STP10,0.8822,0.9372,Set 1,32 sequences
STP10,0.8892,0.9374,Set 1,32 sequences
STP10,0.8957,0.9357,Set 1,32 sequences
STP10,0.9226,0.9147,Set 1,32 sequences
STP10,0.8794,0.9454,Set 1,32 sequences
STP10,0.9009,0.926,Set 1,32 sequences
STP10,0.8802,0.9435,Set 1,32 sequences
STP10,0.9182,0.9149,Set 1,32 sequences
STP10,0.9092,0.9217,Set 1,32 sequences
STP10,0.9256,0.9107,Set 1,32 sequences
STP10,0.8868,0.9404,Set 1,32 sequences
STP10,0.9101,0.9225,Set 1,32 sequences
STP10,0.8937,0.936,Set 1,32 sequences
STP10,0.8832,0.9371,Set 1,32 sequences
STP10,0.9166,0.9186,Set 1,32 sequences
STP10,0.9109,0.9215,Set 1,32 sequences
STP10,0.9019,0.9287,Set 1,32 sequences
STP10,0.9127,0.9194,Set 1,32 sequences
STP10,0.8773,0.9494,Set 1,32 sequences
STP10,0.9132,0.9228,Set 1,32 sequences
STP10,0.9159,0.9201,Set 1,32 sequences
STP10,0.9537,0.8737,Set 1,32 sequences
STP10,0.8941,0.9303,Set 1,32 sequences
STP10,0.8788,0.9464,Set 1,32 sequences
STP10,0.8863,0.9421,Set 1,32 sequences
STP10,0.8891,0.9344,Set 1,32 sequences
STP10,0.8808,0.9425,Set 1,32 sequences
STP10,0.9072,0.9251,Set 1,32 sequences
STP10,0.8895,0.9352,Set 1,32 sequences
STP10,0.9159,0.9127,Set 1,32 sequences
STP10,0.9175,0.9221,Set 1,32 sequences
STP10,0.9256,0.9144,Set 1,32 sequences
STP10,0.9247,0.9153,Set 1,32 sequences
STP10,0.8988,0.9298,Set 1,32 sequences
STP10,0.8681,0.9468,Set 1,32 sequences
ZnT8,0.8679,0.8315,Set 1,32 sequences
ZnT8,0.82,0.8397,Set 1,32 sequences
ZnT8,0.8487,0.845,Set 1,32 sequences
ZnT8,0.8635,0.8349,Set 1,32 sequences
ZnT8,0.861,0.839,Set 1,32 sequences
ZnT8,0.8208,0.8335,Set 1,32 sequences
ZnT8,0.8616,0.8367,Set 1,32 sequences
ZnT8,0.8434,0.8478,Set 1,32 sequences
ZnT8,0.7795,0.8362,Set 1,32 sequences
ZnT8,0.8618,0.8345,Set 1,32 sequences
ZnT8,0.8391,0.8483,Set 1,32 sequences
ZnT8,0.8794,0.8212,Set 1,32 sequences
ZnT8,0.8755,0.8291,Set 1,32 sequences
ZnT8,0.87,0.8402,Set 1,32 sequences
ZnT8,0.8765,0.839,Set 1,32 sequences
ZnT8,0.8365,0.8654,Set 1,32 sequences
ZnT8,0.8336,0.8592,Set 1,32 sequences
ZnT8,0.8167,0.8468,Set 1,32 sequences
ZnT8,0.8279,0.8399,Set 1,32 sequences
ZnT8,0.8527,0.8399,Set 1,32 sequences
ZnT8,0.8047,0.8641,Set 1,32 sequences
ZnT8,0.8112,0.8451,Set 1,32 sequences
ZnT8,0.7874,0.8442,Set 1,32 sequences
ZnT8,0.9084,0.8122,Set 1,32 sequences
ZnT8,0.8535,0.8325,Set 1,32 sequences
ZnT8,0.8632,0.8428,Set 1,32 sequences
ZnT8,0.8857,0.815,Set 1,32 sequences
ZnT8,0.7719,0.8904,Set 1,32 sequences
ZnT8,0.8055,0.8357,Set 1,32 sequences
ZnT8,0.8495,0.8507,Set 1,32 sequences
ZnT8,0.8171,0.8427,Set 1,32 sequences
ZnT8,0.8261,0.8462,Set 1,32 sequences
ZnT8,0.8475,0.8256,Set 1,32 sequences
ZnT8,0.8351,0.8439,Set 1,32 sequences
ZnT8,0.873,0.8323,Set 1,32 sequences
ZnT8,0.8597,0.8302,Set 1,32 sequences
ZnT8,0.8071,0.8435,Set 1,32 sequences
ZnT8,0.8899,0.8034,Set 1,32 sequences
ZnT8,0.8763,0.8266,Set 1,32 sequences
ZnT8,0.8328,0.8331,Set 1,32 sequences
ZnT8,0.8315,0.8501,Set 1,32 sequences
ZnT8,0.8276,0.8459,Set 1,32 sequences
ZnT8,0.8024,0.843,Set 1,32 sequences
ZnT8,0.8858,0.809,Set 1,32 sequences
ZnT8,0.7853,0.8375,Set 1,32 sequences
ZnT8,0.8783,0.8196,Set 1,32 sequences
ZnT8,0.8514,0.8363,Set 1,32 sequences
ZnT8,0.8278,0.8485,Set 1,32 sequences
ZnT8,0.8581,0.8429,Set 1,32 sequences
ZnT8,0.8425,0.8493,Set 1,32 sequences
ASCT2,0.8719,0.709,Set 3,128 sequences
ASCT2,0.9196,0.6753,Set 3,128 sequences
ASCT2,0.8877,0.6957,Set 3,128 sequences
ASCT2,0.9224,0.6757,Set 3,128 sequences
ASCT2,0.918,0.6803,Set 3,128 sequences
ASCT2,0.9163,0.6762,Set 3,128 sequences
ASCT2,0.6171,0.9559,Set 3,128 sequences
ASCT2,0.9084,0.6802,Set 3,128 sequences
ASCT2,0.9261,0.6747,Set 3,128 sequences
ASCT2,0.8773,0.7089,Set 3,128 sequences
ASCT2,0.9099,0.6851,Set 3,128 sequences
ASCT2,0.819,0.7266,Set 3,128 sequences
ASCT2,0.9275,0.6714,Set 3,128 sequences
ASCT2,0.9175,0.6841,Set 3,128 sequences
ASCT2,0.8724,0.7039,Set 3,128 sequences
ASCT2,0.9122,0.6838,Set 3,128 sequences
ASCT2,0.7793,0.7762,Set 3,128 sequences
ASCT2,0.8618,0.7076,Set 3,128 sequences
ASCT2,0.8718,0.7121,Set 3,128 sequences
ASCT2,0.9341,0.6751,Set 3,128 sequences
ASCT2,0.9171,0.6722,Set 3,128 sequences
ASCT2,0.9074,0.6881,Set 3,128 sequences
ASCT2,0.9326,0.6856,Set 3,128 sequences
ASCT2,0.8385,0.7272,Set 3,128 sequences
ASCT2,0.9113,0.6852,Set 3,128 sequences
ASCT2,0.818,0.7312,Set 3,128 sequences
ASCT2,0.6236,0.9626,Set 3,128 sequences
ASCT2,0.9153,0.6851,Set 3,128 sequences
ASCT2,0.9199,0.691,Set 3,128 sequences
ASCT2,0.9004,0.7002,Set 3,128 sequences
ASCT2,0.8361,0.7238,Set 3,128 sequences
ASCT2,0.8981,0.6927,Set 3,128 sequences
ASCT2,0.8786,0.7074,Set 3,128 sequences
ASCT2,0.621,0.9565,Set 3,128 sequences
ASCT2,0.7882,0.7588,Set 3,128 sequences
ASCT2,0.9089,0.6764,Set 3,128 sequences
ASCT2,0.8908,0.6905,Set 3,128 sequences
ASCT2,0.8331,0.7253,Set 3,128 sequences
ASCT2,0.9114,0.6929,Set 3,128 sequences
ASCT2,0.7588,0.7926,Set 3,128 sequences
ASCT2,0.9349,0.6738,Set 3,128 sequences
ASCT2,0.9143,0.6832,Set 3,128 sequences
ASCT2,0.8142,0.7483,Set 3,128 sequences
ASCT2,0.6665,0.9103,Set 3,128 sequences
ASCT2,0.8818,0.6954,Set 3,128 sequences
ASCT2,0.9298,0.6596,Set 3,128 sequences
ASCT2,0.932,0.6804,Set 3,128 sequences
ASCT2,0.8955,0.6961,Set 3,128 sequences
ASCT2,0.6219,0.9485,Set 3,128 sequences
ASCT2,0.889,0.7026,Set 3,128 sequences
MCT1 (without templates),0.974,0.8018,Set 3,128 sequences
MCT1 (without templates),0.9749,0.7989,Set 3,128 sequences
MCT1 (without templates),0.971,0.7967,Set 3,128 sequences
MCT1 (without templates),0.9728,0.8113,Set 3,128 sequences
MCT1 (without templates),0.9736,0.8064,Set 3,128 sequences
MCT1 (without templates),0.9744,0.812,Set 3,128 sequences
MCT1 (without templates),0.9788,0.8019,Set 3,128 sequences
MCT1 (without templates),0.9775,0.795,Set 3,128 sequences
MCT1 (without templates),0.9749,0.8028,Set 3,128 sequences
MCT1 (without templates),0.974,0.7944,Set 3,128 sequences
MCT1 (without templates),0.9733,0.7982,Set 3,128 sequences
MCT1 (without templates),0.9745,0.8008,Set 3,128 sequences
MCT1 (without templates),0.9749,0.8077,Set 3,128 sequences
MCT1 (without templates),0.9759,0.8015,Set 3,128 sequences
MCT1 (without templates),0.9757,0.7999,Set 3,128 sequences
MCT1 (without templates),0.9749,0.7988,Set 3,128 sequences
MCT1 (without templates),0.975,0.8113,Set 3,128 sequences
MCT1 (without templates),0.9743,0.8062,Set 3,128 sequences
MCT1 (without templates),0.9754,0.7973,Set 3,128 sequences
MCT1 (without templates),0.975,0.7961,Set 3,128 sequences
MCT1 (without templates),0.9738,0.8007,Set 3,128 sequences
MCT1 (without templates),0.9743,0.7992,Set 3,128 sequences
MCT1 (without templates),0.9744,0.8021,Set 3,128 sequences
MCT1 (without templates),0.973,0.7923,Set 3,128 sequences
MCT1 (without templates),0.9767,0.7982,Set 3,128 sequences
MCT1 (without templates),0.9737,0.8049,Set 3,128 sequences
MCT1 (without templates),0.9749,0.8082,Set 3,128 sequences
MCT1 (without templates),0.9771,0.7999,Set 3,128 sequences
MCT1 (without templates),0.9779,0.8026,Set 3,128 sequences
MCT1 (without templates),0.976,0.7935,Set 3,128 sequences
MCT1 (without templates),0.977,0.8012,Set 3,128 sequences
MCT1 (without templates),0.9772,0.8006,Set 3,128 sequences
MCT1 (without templates),0.9782,0.8026,Set 3,128 sequences
MCT1 (without templates),0.9753,0.796,Set 3,128 sequences
MCT1 (without templates),0.976,0.8043,Set 3,128 sequences
MCT1 (without templates),0.9741,0.7909,Set 3,128 sequences
MCT1 (without templates),0.975,0.8069,Set 3,128 sequences
MCT1 (without templates),0.9753,0.8018,Set 3,128 sequences
MCT1 (without templates),0.9766,0.798,Set 3,128 sequences
MCT1 (without templates),0.9745,0.7984,Set 3,128 sequences
MCT1 (without templates),0.9773,0.8026,Set 3,128 sequences
MCT1 (without templates),0.9761,0.8011,Set 3,128 sequences
MCT1 (without templates),0.9727,0.8026,Set 3,128 sequences
MCT1 (without templates),0.9781,0.8041,Set 3,128 sequences
MCT1 (without templates),0.9691,0.7979,Set 3,128 sequences
MCT1 (without templates),0.9749,0.7939,Set 3,128 sequences
MCT1 (without templates),0.9775,0.7953,Set 3,128 sequences
MCT1 (without templates),0.976,0.8009,Set 3,128 sequences
MCT1 (without templates),0.9778,0.7962,Set 3,128 sequences
MCT1 (without templates),0.9776,0.802,Set 3,128 sequences
STP10,0.9015,0.9301,Set 3,128 sequences
STP10,0.9219,0.9114,Set 3,128 sequences
STP10,0.9058,0.9318,Set 3,128 sequences
STP10,0.9077,0.9266,Set 3,128 sequences
STP10,0.8909,0.9375,Set 3,128 sequences
STP10,0.9338,0.9025,Set 3,128 sequences
STP10,0.8971,0.934,Set 3,128 sequences
STP10,0.8917,0.937,Set 3,128 sequences
STP10,0.9308,0.9088,Set 3,128 sequences
STP10,0.9024,0.9299,Set 3,128 sequences
STP10,0.9322,0.9048,Set 3,128 sequences
STP10,0.9194,0.9196,Set 3,128 sequences
STP10,0.9246,0.9133,Set 3,128 sequences
STP10,0.9213,0.9154,Set 3,128 sequences
STP10,0.8898,0.9371,Set 3,128 sequences
STP10,0.8852,0.9402,Set 3,128 sequences
STP10,0.9116,0.9224,Set 3,128 sequences
STP10,0.8942,0.9344,Set 3,128 sequences
STP10,0.8835,0.9407,Set 3,128 sequences
STP10,0.9437,0.8902,Set 3,128 sequences
STP10,0.9441,0.888,Set 3,128 sequences
STP10,0.8899,0.937,Set 3,128 sequences
STP10,0.8924,0.9399,Set 3,128 sequences
STP10,0.9418,0.8962,Set 3,128 sequences
STP10,0.9365,0.9014,Set 3,128 sequences
STP10,0.9369,0.8982,Set 3,128 sequences
STP10,0.9273,0.9108,Set 3,128 sequences
STP10,0.9627,0.869,Set 3,128 sequences
STP10,0.8992,0.9369,Set 3,128 sequences
STP10,0.9371,0.9037,Set 3,128 sequences
STP10,0.9397,0.8951,Set 3,128 sequences
STP10,0.9315,0.9037,Set 3,128 sequences
STP10,0.9495,0.8814,Set 3,128 sequences
STP10,0.9307,0.9002,Set 3,128 sequences
STP10,0.9311,0.9058,Set 3,128 sequences
STP10,0.9403,0.8987,Set 3,128 sequences
STP10,0.8919,0.9362,Set 3,128 sequences
STP10,0.8914,0.9354,Set 3,128 sequences
STP10,0.9432,0.8893,Set 3,128 sequences
STP10,0.9114,0.9269,Set 3,128 sequences
STP10,0.9182,0.9189,Set 3,128 sequences
STP10,0.9435,0.8893,Set 3,128 sequences
STP10,0.8941,0.9378,Set 3,128 sequences
STP10,0.9374,0.8959,Set 3,128 sequences
STP10,0.9495,0.8851,Set 3,128 sequences
STP10,0.9457,0.8887,Set 3,128 sequences
STP10,0.9267,0.9104,Set 3,128 sequences
STP10,0.9009,0.9328,Set 3,128 sequences
STP10,0.9298,0.9099,Set 3,128 sequences
STP10,0.9278,0.9094,Set 3,128 sequences
ZnT8,0.8172,0.8499,Set 3,128 sequences
ZnT8,0.8955,0.8164,Set 3,128 sequences
ZnT8,0.8293,0.8663,Set 3,128 sequences
ZnT8,0.8438,0.8532,Set 3,128 sequences
ZnT8,0.8532,0.8461,Set 3,128 sequences
ZnT8,0.8452,0.8506,Set 3,128 sequences
ZnT8,0.8424,0.8515,Set 3,128 sequences
ZnT8,0.8726,0.8335,Set 3,128 sequences
ZnT8,0.9246,0.7706,Set 3,128 sequences
ZnT8,0.8331,0.868,Set 3,128 sequences
ZnT8,0.8369,0.8559,Set 3,128 sequences
ZnT8,0.9286,0.7658,Set 3,128 sequences
ZnT8,0.8495,0.8451,Set 3,128 sequences
ZnT8,0.8411,0.8564,Set 3,128 sequences
ZnT8,0.8655,0.848,Set 3,128 sequences
ZnT8,0.8383,0.8518,Set 3,128 sequences
ZnT8,0.8394,0.8563,Set 3,128 sequences
ZnT8,0.8634,0.8409,Set 3,128 sequences
ZnT8,0.9152,0.7991,Set 3,128 sequences
ZnT8,0.8476,0.8505,Set 3,128 sequences
ZnT8,0.8329,0.8569,Set 3,128 sequences
ZnT8,0.8846,0.8279,Set 3,128 sequences
ZnT8,0.8782,0.8315,Set 3,128 sequences
ZnT8,0.8586,0.8435,Set 3,128 sequences
ZnT8,0.8283,0.8525,Set 3,128 sequences
ZnT8,0.9312,0.751,Set 3,128 sequences
ZnT8,0.9168,0.7935,Set 3,128 sequences
ZnT8,0.8371,0.8469,Set 3,128 sequences
ZnT8,0.8322,0.8529,Set 3,128 sequences
ZnT8,0.8611,0.8421,Set 3,128 sequences
ZnT8,0.8883,0.8244,Set 3,128 sequences
ZnT8,0.835,0.8538,Set 3,128 sequences
ZnT8,0.8683,0.8363,Set 3,128 sequences
ZnT8,0.9381,0.7471,Set 3,128 sequences
ZnT8,0.8509,0.8544,Set 3,128 sequences
ZnT8,0.8467,0.8667,Set 3,128 sequences
ZnT8,0.9015,0.8029,Set 3,128 sequences
ZnT8,0.8793,0.8314,Set 3,128 sequences
ZnT8,0.8548,0.855,Set 3,128 sequences
ZnT8,0.8597,0.8511,Set 3,128 sequences
ZnT8,0.935,0.7438,Set 3,128 sequences
ZnT8,0.8523,0.8577,Set 3,128 sequences
ZnT8,0.854,0.8537,Set 3,128 sequences
ZnT8,0.8519,0.8555,Set 3,128 sequences
ZnT8,0.8579,0.8421,Set 3,128 sequences
ZnT8,0.863,0.8423,Set 3,128 sequences
ZnT8,0.8616,0.8423,Set 3,128 sequences
ZnT8,0.9394,0.7407,Set 3,128 sequences
ZnT8,0.8361,0.8659,Set 3,128 sequences
ZnT8,0.8553,0.8454,Set 3,128 sequences
ASCT2,0.6382,0.9467,Set 7,5120 sequences
ASCT2,0.6333,0.9526,Set 7,5120 sequences
ASCT2,0.6172,0.9568,Set 7,5120 sequences
ASCT2,0.6537,0.9404,Set 7,5120 sequences
ASCT2,0.622,0.9554,Set 7,5120 sequences
ASCT2,0.6394,0.9476,Set 7,5120 sequences
ASCT2,0.8913,0.6892,Set 7,5120 sequences
ASCT2,0.6602,0.9343,Set 7,5120 sequences
ASCT2,0.6256,0.9499,Set 7,5120 sequences
ASCT2,0.6883,0.8836,Set 7,5120 sequences
ASCT2,0.9042,0.6818,Set 7,5120 sequences
ASCT2,0.6348,0.9388,Set 7,5120 sequences
ASCT2,0.6375,0.9496,Set 7,5120 sequences
ASCT2,0.8897,0.6896,Set 7,5120 sequences
ASCT2,0.6153,0.9543,Set 7,5120 sequences
ASCT2,0.619,0.9568,Set 7,5120 sequences
ASCT2,0.6147,0.9533,Set 7,5120 sequences
ASCT2,0.7094,0.8374,Set 7,5120 sequences
ASCT2,0.62,0.956,Set 7,5120 sequences
ASCT2,0.7403,0.8122,Set 7,5120 sequences
ASCT2,0.8932,0.6847,Set 7,5120 sequences
ASCT2,0.6221,0.9508,Set 7,5120 sequences
ASCT2,0.8461,0.712,Set 7,5120 sequences
ASCT2,0.6197,0.9516,Set 7,5120 sequences
ASCT2,0.6337,0.9512,Set 7,5120 sequences
ASCT2,0.6236,0.9542,Set 7,5120 sequences
ASCT2,0.6212,0.9566,Set 7,5120 sequences
ASCT2,0.6205,0.9458,Set 7,5120 sequences
ASCT2,0.8898,0.687,Set 7,5120 sequences
ASCT2,0.8938,0.6861,Set 7,5120 sequences
ASCT2,0.6211,0.9413,Set 7,5120 sequences
ASCT2,0.9071,0.6852,Set 7,5120 sequences
ASCT2,0.6288,0.9493,Set 7,5120 sequences
ASCT2,0.6152,0.9504,Set 7,5120 sequences
ASCT2,0.6961,0.8563,Set 7,5120 sequences
ASCT2,0.8999,0.6844,Set 7,5120 sequences
ASCT2,0.9132,0.6845,Set 7,5120 sequences
ASCT2,0.6131,0.9457,Set 7,5120 sequences
ASCT2,0.6154,0.9444,Set 7,5120 sequences
ASCT2,0.8462,0.7058,Set 7,5120 sequences
ASCT2,0.6296,0.9407,Set 7,5120 sequences
ASCT2,0.8328,0.7193,Set 7,5120 sequences
ASCT2,0.6286,0.9519,Set 7,5120 sequences
ASCT2,0.7707,0.7813,Set 7,5120 sequences
ASCT2,0.9119,0.6819,Set 7,5120 sequences
ASCT2,0.7267,0.8261,Set 7,5120 sequences
ASCT2,0.6252,0.9357,Set 7,5120 sequences
ASCT2,0.6199,0.953,Set 7,5120 sequences
ASCT2,0.6206,0.9578,Set 7,5120 sequences
ASCT2,0.62,0.9558,Set 7,5120 sequences
MCT1 (without templates),0.9766,0.807,Set 7,5120 sequences
MCT1 (without templates),0.9773,0.8071,Set 7,5120 sequences
MCT1 (without templates),0.9783,0.8028,Set 7,5120 sequences
MCT1 (without templates),0.977,0.8026,Set 7,5120 sequences
MCT1 (without templates),0.9763,0.8104,Set 7,5120 sequences
MCT1 (without templates),0.9774,0.801,Set 7,5120 sequences
MCT1 (without templates),0.9784,0.7978,Set 7,5120 sequences
MCT1 (without templates),0.9741,0.8107,Set 7,5120 sequences
MCT1 (without templates),0.9743,0.8097,Set 7,5120 sequences
MCT1 (without templates),0.9776,0.8006,Set 7,5120 sequences
MCT1 (without templates),0.978,0.7977,Set 7,5120 sequences
MCT1 (without templates),0.9734,0.7977,Set 7,5120 sequences
MCT1 (without templates),0.9745,0.8061,Set 7,5120 sequences
MCT1 (without templates),0.978,0.7991,Set 7,5120 sequences
MCT1 (without templates),0.9786,0.8055,Set 7,5120 sequences
MCT1 (without templates),0.9767,0.81,Set 7,5120 sequences
MCT1 (without templates),0.9764,0.8076,Set 7,5120 sequences
MCT1 (without templates),0.9757,0.8035,Set 7,5120 sequences
MCT1 (without templates),0.9779,0.8061,Set 7,5120 sequences
MCT1 (without templates),0.9749,0.8045,Set 7,5120 sequences
MCT1 (without templates),0.9763,0.8051,Set 7,5120 sequences
MCT1 (without templates),0.9738,0.8009,Set 7,5120 sequences
MCT1 (without templates),0.9771,0.8067,Set 7,5120 sequences
MCT1 (without templates),0.9771,0.8114,Set 7,5120 sequences
MCT1 (without templates),0.9756,0.7996,Set 7,5120 sequences
MCT1 (without templates),0.9763,0.8108,Set 7,5120 sequences
MCT1 (without templates),0.9755,0.8124,Set 7,5120 sequences
MCT1 (without templates),0.9764,0.8091,Set 7,5120 sequences
MCT1 (without templates),0.9776,0.803,Set 7,5120 sequences
MCT1 (without templates),0.974,0.8124,Set 7,5120 sequences
MCT1 (without templates),0.9765,0.8069,Set 7,5120 sequences
MCT1 (without templates),0.975,0.8079,Set 7,5120 sequences
MCT1 (without templates),0.9759,0.8028,Set 7,5120 sequences
MCT1 (without templates),0.9769,0.7983,Set 7,5120 sequences
MCT1 (without templates),0.9782,0.8022,Set 7,5120 sequences
MCT1 (without templates),0.9764,0.8055,Set 7,5120 sequences
MCT1 (without templates),0.9746,0.8067,Set 7,5120 sequences
MCT1 (without templates),0.9778,0.8,Set 7,5120 sequences
MCT1 (without templates),0.9786,0.8014,Set 7,5120 sequences
MCT1 (without templates),0.9782,0.7986,Set 7,5120 sequences
MCT1 (without templates),0.9778,0.8004,Set 7,5120 sequences
MCT1 (without templates),0.9781,0.7982,Set 7,5120 sequences
MCT1 (without templates),0.9764,0.8065,Set 7,5120 sequences
MCT1 (without templates),0.9781,0.8013,Set 7,5120 sequences
MCT1 (without templates),0.9775,0.7969,Set 7,5120 sequences
MCT1 (without templates),0.9734,0.8003,Set 7,5120 sequences
MCT1 (without templates),0.9778,0.7986,Set 7,5120 sequences
MCT1 (without templates),0.9783,0.804,Set 7,5120 sequences
MCT1 (without templates),0.9754,0.8019,Set 7,5120 sequences
MCT1 (without templates),0.9769,0.8087,Set 7,5120 sequences
STP10,0.9554,0.8865,Set 7,5120 sequences
STP10,0.9068,0.9298,Set 7,5120 sequences
STP10,0.9361,0.9051,Set 7,5120 sequences
STP10,0.9408,0.9025,Set 7,5120 sequences
STP10,0.9556,0.8857,Set 7,5120 sequences
STP10,0.9134,0.9265,Set 7,5120 sequences
STP10,0.9028,0.9334,Set 7,5120 sequences
STP10,0.9503,0.8929,Set 7,5120 sequences
STP10,0.9032,0.9329,Set 7,5120 sequences
STP10,0.9097,0.9289,Set 7,5120 sequences
STP10,0.9065,0.9312,Set 7,5120 sequences
STP10,0.9027,0.9327,Set 7,5120 sequences
STP10,0.9121,0.9272,Set 7,5120 sequences
STP10,0.9479,0.895,Set 7,5120 sequences
STP10,0.9551,0.8862,Set 7,5120 sequences
STP10,0.9096,0.929,Set 7,5120 sequences
STP10,0.8994,0.9353,Set 7,5120 sequences
STP10,0.9462,0.897,Set 7,5120 sequences
STP10,0.9503,0.8922,Set 7,5120 sequences
STP10,0.9565,0.8827,Set 7,5120 sequences
STP10,0.9514,0.8917,Set 7,5120 sequences
STP10,0.9109,0.9279,Set 7,5120 sequences
STP10,0.9579,0.8824,Set 7,5120 sequences
STP10,0.9509,0.8914,Set 7,5120 sequences
STP10,0.9556,0.8864,Set 7,5120 sequences
STP10,0.9454,0.8979,Set 7,5120 sequences
STP10,0.9545,0.8876,Set 7,5120 sequences
STP10,0.9547,0.8853,Set 7,5120 sequences
STP10,0.9629,0.874,Set 7,5120 sequences
STP10,0.9487,0.8946,Set 7,5120 sequences
STP10,0.9528,0.8877,Set 7,5120 sequences
STP10,0.9631,0.8736,Set 7,5120 sequences
STP10,0.9469,0.8953,Set 7,5120 sequences
STP10,0.9472,0.8964,Set 7,5120 sequences
STP10,0.9619,0.8766,Set 7,5120 sequences
STP10,0.9094,0.9284,Set 7,5120 sequences
STP10,0.9076,0.9298,Set 7,5120 sequences
STP10,0.958,0.882,Set 7,5120 sequences
STP10,0.9394,0.9043,Set 7,5120 sequences
STP10,0.9006,0.9356,Set 7,5120 sequences
STP10,0.9094,0.9292,Set 7,5120 sequences
STP10,0.9485,0.8924,Set 7,5120 sequences
STP10,0.9622,0.8764,Set 7,5120 sequences
STP10,0.904,0.9319,Set 7,5120 sequences
STP10,0.9079,0.9307,Set 7,5120 sequences
STP10,0.9556,0.8861,Set 7,5120 sequences
STP10,0.9503,0.8918,Set 7,5120 sequences
STP10,0.9048,0.9323,Set 7,5120 sequences
STP10,0.9038,0.9326,Set 7,5120 sequences
STP10,0.952,0.889,Set 7,5120 sequences
ZnT8,0.8199,0.8561,Set 7,5120 sequences
ZnT8,0.817,0.8575,Set 7,5120 sequences
ZnT8,0.8232,0.8596,Set 7,5120 sequences
ZnT8,0.8267,0.8671,Set 7,5120 sequences
ZnT8,0.8176,0.8586,Set 7,5120 sequences
ZnT8,0.8077,0.8545,Set 7,5120 sequences
ZnT8,0.8094,0.8531,Set 7,5120 sequences
ZnT8,0.8192,0.857,Set 7,5120 sequences
ZnT8,0.8347,0.8536,Set 7,5120 sequences
ZnT8,0.8144,0.8537,Set 7,5120 sequences
ZnT8,0.8192,0.8529,Set 7,5120 sequences
ZnT8,0.808,0.8519,Set 7,5120 sequences
ZnT8,0.8276,0.8581,Set 7,5120 sequences
ZnT8,0.8391,0.8473,Set 7,5120 sequences
ZnT8,0.8294,0.8559,Set 7,5120 sequences
ZnT8,0.8188,0.8548,Set 7,5120 sequences
ZnT8,0.8248,0.855,Set 7,5120 sequences
ZnT8,0.8192,0.8581,Set 7,5120 sequences
ZnT8,0.819,0.8542,Set 7,5120 sequences
ZnT8,0.8334,0.8551,Set 7,5120 sequences
ZnT8,0.8159,0.8592,Set 7,5120 sequences
ZnT8,0.8184,0.8563,Set 7,5120 sequences
ZnT8,0.8215,0.8575,Set 7,5120 sequences
ZnT8,0.8236,0.8556,Set 7,5120 sequences
ZnT8,0.8271,0.8606,Set 7,5120 sequences
ZnT8,0.811,0.8572,Set 7,5120 sequences
ZnT8,0.8265,0.858,Set 7,5120 sequences
ZnT8,0.8299,0.8587,Set 7,5120 sequences
ZnT8,0.8435,0.8585,Set 7,5120 sequences
ZnT8,0.8436,0.8555,Set 7,5120 sequences
ZnT8,0.8375,0.8521,Set 7,5120 sequences
ZnT8,0.8304,0.8526,Set 7,5120 sequences
ZnT8,0.8489,0.8446,Set 7,5120 sequences
ZnT8,0.8454,0.8431,Set 7,5120 sequences
ZnT8,0.8379,0.8526,Set 7,5120 sequences
ZnT8,0.8287,0.8502,Set 7,5120 sequences
ZnT8,0.818,0.8564,Set 7,5120 sequences
ZnT8,0.8243,0.8555,Set 7,5120 sequences
ZnT8,0.8403,0.8513,Set 7,5120 sequences
ZnT8,0.8385,0.849,Set 7,5120 sequences
ZnT8,0.8422,0.85,Set 7,5120 sequences
ZnT8,0.8281,0.8581,Set 7,5120 sequences
ZnT8,0.8626,0.8377,Set 7,5120 sequences
ZnT8,0.8342,0.8523,Set 7,5120 sequences
ZnT8,0.8227,0.8582,Set 7,5120 sequences
ZnT8,0.8469,0.8418,Set 7,5120 sequences
ZnT8,0.8237,0.8533,Set 7,5120 sequences
ZnT8,0.8434,0.8501,Set 7,5120 sequences
ZnT8,0.8381,0.85,Set 7,5120 sequences
ZnT8,0.8512,0.8434,Set 7,5120 sequences
Lat1,0.9182,0.9426,Set 1,32 sequences
Lat1,0.8851,0.924,Set 1,32 sequences
Lat1,0.9014,0.9524,Set 1,32 sequences
Lat1,0.9255,0.9181,Set 1,32 sequences
Lat1,0.8978,0.9576,Set 1,32 sequences
Lat1,0.9356,0.895,Set 1,32 sequences
Lat1,0.8994,0.9504,Set 1,32 sequences
Lat1,0.9192,0.9342,Set 1,32 sequences
Lat1,0.8843,0.9575,Set 1,32 sequences
Lat1,0.8995,0.951,Set 1,32 sequences
Lat1,0.8866,0.9607,Set 1,32 sequences
Lat1,0.9259,0.9212,Set 1,32 sequences
Lat1,0.9049,0.9343,Set 1,32 sequences
Lat1,0.9107,0.9478,Set 1,32 sequences
Lat1,0.8989,0.957,Set 1,32 sequences
Lat1,0.9121,0.9049,Set 1,32 sequences
Lat1,0.8774,0.9541,Set 1,32 sequences
Lat1,0.8904,0.9581,Set 1,32 sequences
Lat1,0.9487,0.8921,Set 1,32 sequences
Lat1,0.9166,0.9394,Set 1,32 sequences
Lat1,0.9039,0.9544,Set 1,32 sequences
Lat1,0.9265,0.9362,Set 1,32 sequences
Lat1,0.9272,0.9346,Set 1,32 sequences
Lat1,0.9075,0.9402,Set 1,32 sequences
Lat1,0.9048,0.9522,Set 1,32 sequences
Lat1,0.9315,0.9181,Set 1,32 sequences
Lat1,0.8803,0.9423,Set 1,32 sequences
Lat1,0.9103,0.9453,Set 1,32 sequences
Lat1,0.9157,0.9434,Set 1,32 sequences
Lat1,0.8879,0.9629,Set 1,32 sequences
Lat1,0.8886,0.9546,Set 1,32 sequences
Lat1,0.9132,0.9358,Set 1,32 sequences
Lat1,0.8508,0.9451,Set 1,32 sequences
Lat1,0.9423,0.9127,Set 1,32 sequences
Lat1,0.9098,0.9487,Set 1,32 sequences
Lat1,0.9155,0.9451,Set 1,32 sequences
Lat1,0.9175,0.9171,Set 1,32 sequences
Lat1,0.9421,0.9145,Set 1,32 sequences
Lat1,0.9327,0.8696,Set 1,32 sequences
Lat1,0.9315,0.9269,Set 1,32 sequences
Lat1,0.9232,0.9328,Set 1,32 sequences
Lat1,0.9549,0.8996,Set 1,32 sequences
Lat1,0.9167,0.8786,Set 1,32 sequences
Lat1,0.8827,0.9173,Set 1,32 sequences
Lat1,0.8963,0.9036,Set 1,32 sequences
Lat1,0.9044,0.9402,Set 1,32 sequences
Lat1,0.9611,0.8855,Set 1,32 sequences
Lat1,0.9231,0.8841,Set 1,32 sequences
Lat1,0.9073,0.9392,Set 1,32 sequences
Lat1,0.9016,0.9402,Set 1,32 sequences
Lat1,0.9595,0.8776,Set 7,5120 sequences
Lat1,0.9539,0.886,Set 7,5120 sequences
Lat1,0.9571,0.8769,Set 7,5120 sequences
Lat1,0.9606,0.8738,Set 7,5120 sequences
Lat1,0.9603,0.8724,Set 7,5120 sequences
Lat1,0.954,0.8876,Set 7,5120 sequences
Lat1,0.9555,0.8827,Set 7,5120 sequences
Lat1,0.9602,0.8725,Set 7,5120 sequences
Lat1,0.9587,0.8797,Set 7,5120 sequences
Lat1,0.9563,0.8747,Set 7,5120 sequences
Lat1,0.9571,0.8839,Set 7,5120 sequences
Lat1,0.9604,0.8733,Set 7,5120 sequences
Lat1,0.9612,0.8688,Set 7,5120 sequences
Lat1,0.9562,0.8819,Set 7,5120 sequences
Lat1,0.958,0.8755,Set 7,5120 sequences
Lat1,0.9618,0.873,Set 7,5120 sequences
Lat1,0.9504,0.8922,Set 7,5120 sequences
Lat1,0.9331,0.9272,Set 7,5120 sequences
Lat1,0.9539,0.8863,Set 7,5120 sequences
Lat1,0.9314,0.9355,Set 7,5120 sequences
Lat1,0.9344,0.9241,Set 7,5120 sequences
Lat1,0.9557,0.8815,Set 7,5120 sequences
Lat1,0.9572,0.8802,Set 7,5120 sequences
Lat1,0.9507,0.8922,Set 7,5120 sequences
Lat1,0.9388,0.9212,Set 7,5120 sequences
Lat1,0.9511,0.8938,Set 7,5120 sequences
Lat1,0.9455,0.9057,Set 7,5120 sequences
Lat1,0.9437,0.908,Set 7,5120 sequences
Lat1,0.95,0.8976,Set 7,5120 sequences
Lat1,0.934,0.9218,Set 7,5120 sequences
Lat1,0.9425,0.9131,Set 7,5120 sequences
Lat1,0.9542,0.8876,Set 7,5120 sequences
Lat1,0.9339,0.9276,Set 7,5120 sequences
Lat1,0.9542,0.8825,Set 7,5120 sequences
Lat1,0.9524,0.8898,Set 7,5120 sequences
Lat1,0.9423,0.912,Set 7,5120 sequences
Lat1,0.9459,0.9107,Set 7,5120 sequences
Lat1,0.9419,0.9173,Set 7,5120 sequences
Lat1,0.9481,0.8991,Set 7,5120 sequences
Lat1,0.957,0.8785,Set 7,5120 sequences
Lat1,0.9366,0.9234,Set 7,5120 sequences
Lat1,0.9448,0.9084,Set 7,5120 sequences
Lat1,0.9551,0.8851,Set 7,5120 sequences
Lat1,0.9562,0.8831,Set 7,5120 sequences
Lat1,0.9464,0.8996,Set 7,5120 sequences
Lat1,0.94,0.9133,Set 7,5120 sequences
Lat1,0.9603,0.8744,Set 7,5120 sequences
Lat1,0.9604,0.8715,Set 7,5120 sequences
Lat1,0.9561,0.8779,Set 7,5120 sequences
Lat1,0.9583,0.8779,Set 7,5120 sequences
Lat1,0.8892,0.9658,Set 3,128 sequences
Lat1,0.9527,0.8948,Set 3,128 sequences
Lat1,0.9109,0.9508,Set 3,128 sequences
Lat1,0.8985,0.9607,Set 3,128 sequences
Lat1,0.9084,0.9495,Set 3,128 sequences
Lat1,0.8953,0.9608,Set 3,128 sequences
Lat1,0.935,0.9201,Set 3,128 sequences
Lat1,0.9254,0.9336,Set 3,128 sequences
Lat1,0.8755,0.9709,Set 3,128 sequences
Lat1,0.8766,0.9733,Set 3,128 sequences
Lat1,0.8956,0.9573,Set 3,128 sequences
Lat1,0.939,0.9115,Set 3,128 sequences
Lat1,0.9133,0.9418,Set 3,128 sequences
Lat1,0.9259,0.9323,Set 3,128 sequences
Lat1,0.9029,0.9502,Set 3,128 sequences
Lat1,0.913,0.9567,Set 3,128 sequences
Lat1,0.8856,0.9675,Set 3,128 sequences
Lat1,0.9385,0.9188,Set 3,128 sequences
Lat1,0.9109,0.9409,Set 3,128 sequences
Lat1,0.9305,0.9276,Set 3,128 sequences
Lat1,0.9001,0.9589,Set 3,128 sequences
Lat1,0.8784,0.9722,Set 3,128 sequences
Lat1,0.8668,0.9751,Set 3,128 sequences
Lat1,0.9355,0.9221,Set 3,128 sequences
Lat1,0.9125,0.9512,Set 3,128 sequences
Lat1,0.8902,0.9629,Set 3,128 sequences
Lat1,0.9169,0.9379,Set 3,128 sequences
Lat1,0.8853,0.9704,Set 3,128 sequences
Lat1,0.8737,0.9719,Set 3,128 sequences
Lat1,0.8997,0.9549,Set 3,128 sequences
Lat1,0.9064,0.9533,Set 3,128 sequences
Lat1,0.9516,0.8968,Set 3,128 sequences
Lat1,0.9149,0.9441,Set 3,128 sequences
Lat1,0.8798,0.9677,Set 3,128 sequences
Lat1,0.925,0.94,Set 3,128 sequences
Lat1,0.9276,0.9279,Set 3,128 sequences
Lat1,0.925,0.9387,Set 3,128 sequences
Lat1,0.9496,0.8925,Set 3,128 sequences
Lat1,0.949,0.8981,Set 3,128 sequences
Lat1,0.8813,0.9689,Set 3,128 sequences
Lat1,0.8927,0.9608,Set 3,128 sequences
Lat1,0.914,0.9537,Set 3,128 sequences
Lat1,0.937,0.9276,Set 3,128 sequences
Lat1,0.9464,0.8999,Set 3,128 sequences
Lat1,0.8821,0.968,Set 3,128 sequences
Lat1,0.947,0.9042,Set 3,128 sequences
Lat1,0.9349,0.9271,Set 3,128 sequences
Lat1,0.8952,0.9601,Set 3,128 sequences
Lat1,0.9378,0.9184,Set 3,128 sequences
Lat1,0.958,0.8803,Set 3,128 sequences
MCT1 (with templates),0.7745,0.9789,Set 1,32 sequences
MCT1 (with templates),0.9432,0.8728,Set 1,32 sequences
MCT1 (with templates),0.876,0.9517,Set 1,32 sequences
MCT1 (with templates),0.9758,0.8037,Set 1,32 sequences
MCT1 (with templates),0.9751,0.8133,Set 1,32 sequences
MCT1 (with templates),0.9729,0.846,Set 1,32 sequences
MCT1 (with templates),0.8411,0.9683,Set 1,32 sequences
MCT1 (with templates),0.9763,0.8048,Set 1,32 sequences
MCT1 (with templates),0.9665,0.8573,Set 1,32 sequences
MCT1 (with templates),0.9543,0.8707,Set 1,32 sequences
MCT1 (with templates),0.9482,0.876,Set 1,32 sequences
MCT1 (with templates),0.9748,0.8048,Set 1,32 sequences
MCT1 (with templates),0.9392,0.8822,Set 1,32 sequences
MCT1 (with templates),0.9608,0.8714,Set 1,32 sequences
MCT1 (with templates),0.9531,0.8832,Set 1,32 sequences
MCT1 (with templates),0.979,0.8189,Set 1,32 sequences
MCT1 (with templates),0.7493,0.9625,Set 1,32 sequences
MCT1 (with templates),0.9506,0.8801,Set 1,32 sequences
MCT1 (with templates),0.7992,0.9818,Set 1,32 sequences
MCT1 (with templates),0.9468,0.8873,Set 1,32 sequences
MCT1 (with templates),0.9252,0.9077,Set 1,32 sequences
MCT1 (with templates),0.979,0.7984,Set 1,32 sequences
MCT1 (with templates),0.9266,0.8999,Set 1,32 sequences
MCT1 (with templates),0.7768,0.9769,Set 1,32 sequences
MCT1 (with templates),0.9762,0.8019,Set 1,32 sequences
MCT1 (with templates),0.9771,0.8108,Set 1,32 sequences
MCT1 (with templates),0.9398,0.902,Set 1,32 sequences
MCT1 (with templates),0.9483,0.8786,Set 1,32 sequences
MCT1 (with templates),0.7661,0.9802,Set 1,32 sequences
MCT1 (with templates),0.956,0.869,Set 1,32 sequences
MCT1 (with templates),0.9612,0.8536,Set 1,32 sequences
MCT1 (with templates),0.9675,0.8245,Set 1,32 sequences
MCT1 (with templates),0.9631,0.8375,Set 1,32 sequences
MCT1 (with templates),0.9739,0.7877,Set 1,32 sequences
MCT1 (with templates),0.879,0.9583,Set 1,32 sequences
MCT1 (with templates),0.9244,0.903,Set 1,32 sequences
MCT1 (with templates),0.8353,0.9802,Set 1,32 sequences
MCT1 (with templates),0.9759,0.8056,Set 1,32 sequences
MCT1 (with templates),0.9092,0.9091,Set 1,32 sequences
MCT1 (with templates),0.7679,0.9715,Set 1,32 sequences
MCT1 (with templates),0.9395,0.8985,Set 1,32 sequences
MCT1 (with templates),0.8172,0.9845,Set 1,32 sequences
MCT1 (with templates),0.7772,0.9727,Set 1,32 sequences
MCT1 (with templates),0.9635,0.858,Set 1,32 sequences
MCT1 (with templates),0.9332,0.8828,Set 1,32 sequences
MCT1 (with templates),0.8586,0.9626,Set 1,32 sequences
MCT1 (with templates),0.9226,0.8962,Set 1,32 sequences
MCT1 (with templates),0.927,0.9113,Set 1,32 sequences
MCT1 (with templates),0.7709,0.9784,Set 1,32 sequences
MCT1 (with templates),0.9436,0.8876,Set 1,32 sequences
MCT1 (with templates),0.9783,0.8047,Set 3,128 sequences
MCT1 (with templates),0.9761,0.7993,Set 3,128 sequences
MCT1 (with templates),0.9756,0.7978,Set 3,128 sequences
MCT1 (with templates),0.973,0.8072,Set 3,128 sequences
MCT1 (with templates),0.9749,0.796,Set 3,128 sequences
MCT1 (with templates),0.9754,0.7901,Set 3,128 sequences
MCT1 (with templates),0.9776,0.8009,Set 3,128 sequences
MCT1 (with templates),0.9758,0.8039,Set 3,128 sequences
MCT1 (with templates),0.9696,0.8109,Set 3,128 sequences
MCT1 (with templates),0.9763,0.8079,Set 3,128 sequences
MCT1 (with templates),0.9737,0.8012,Set 3,128 sequences
MCT1 (with templates),0.9752,0.8047,Set 3,128 sequences
MCT1 (with templates),0.9753,0.8052,Set 3,128 sequences
MCT1 (with templates),0.9783,0.8027,Set 3,128 sequences
MCT1 (with templates),0.9746,0.801,Set 3,128 sequences
MCT1 (with templates),0.9781,0.8011,Set 3,128 sequences
MCT1 (with templates),0.9762,0.802,Set 3,128 sequences
MCT1 (with templates),0.9726,0.8107,Set 3,128 sequences
MCT1 (with templates),0.9766,0.7962,Set 3,128 sequences
MCT1 (with templates),0.9733,0.8055,Set 3,128 sequences
MCT1 (with templates),0.9757,0.7956,Set 3,128 sequences
MCT1 (with templates),0.9765,0.7977,Set 3,128 sequences
MCT1 (with templates),0.9785,0.8082,Set 3,128 sequences
MCT1 (with templates),0.9755,0.8047,Set 3,128 sequences
MCT1 (with templates),0.9773,0.7974,Set 3,128 sequences
MCT1 (with templates),0.9773,0.8085,Set 3,128 sequences
MCT1 (with templates),0.976,0.805,Set 3,128 sequences
MCT1 (with templates),0.9747,0.8052,Set 3,128 sequences
MCT1 (with templates),0.9735,0.8023,Set 3,128 sequences
MCT1 (with templates),0.9727,0.7981,Set 3,128 sequences
MCT1 (with templates),0.977,0.801,Set 3,128 sequences
MCT1 (with templates),0.9732,0.8062,Set 3,128 sequences
MCT1 (with templates),0.9744,0.797,Set 3,128 sequences
MCT1 (with templates),0.9781,0.8057,Set 3,128 sequences
MCT1 (with templates),0.9755,0.7949,Set 3,128 sequences
MCT1 (with templates),0.9766,0.8131,Set 3,128 sequences
MCT1 (with templates),0.9759,0.7943,Set 3,128 sequences
MCT1 (with templates),0.9752,0.798,Set 3,128 sequences
MCT1 (with templates),0.9713,0.81,Set 3,128 sequences
MCT1 (with templates),0.9744,0.7923,Set 3,128 sequences
MCT1 (with templates),0.9778,0.7999,Set 3,128 sequences
MCT1 (with templates),0.9762,0.8016,Set 3,128 sequences
MCT1 (with templates),0.9776,0.8026,Set 3,128 sequences
MCT1 (with templates),0.9773,0.8074,Set 3,128 sequences
MCT1 (with templates),0.9774,0.7969,Set 3,128 sequences
MCT1 (with templates),0.9768,0.8024,Set 3,128 sequences
MCT1 (with templates),0.9783,0.8001,Set 3,128 sequences
MCT1 (with templates),0.9746,0.8045,Set 3,128 sequences
MCT1 (with templates),0.9715,0.8057,Set 3,128 sequences
MCT1 (with templates),0.9764,0.8061,Set 3,128 sequences
MCT1 (with templates),0.977,0.7995,Set 7,5120 sequences
MCT1 (with templates),0.9773,0.7962,Set 7,5120 sequences
MCT1 (with templates),0.9782,0.802,Set 7,5120 sequences
MCT1 (with templates),0.9761,0.8061,Set 7,5120 sequences
MCT1 (with templates),0.9772,0.7983,Set 7,5120 sequences
MCT1 (with templates),0.9772,0.8004,Set 7,5120 sequences
MCT1 (with templates),0.9786,0.8037,Set 7,5120 sequences
MCT1 (with templates),0.9731,0.8072,Set 7,5120 sequences
MCT1 (with templates),0.9774,0.7972,Set 7,5120 sequences
MCT1 (with templates),0.9757,0.809,Set 7,5120 sequences
MCT1 (with templates),0.9772,0.8021,Set 7,5120 sequences
MCT1 (with templates),0.9753,0.8087,Set 7,5120 sequences
MCT1 (with templates),0.9766,0.7957,Set 7,5120 sequences
MCT1 (with templates),0.975,0.8051,Set 7,5120 sequences
MCT1 (with templates),0.9755,0.796,Set 7,5120 sequences
MCT1 (with templates),0.9757,0.8056,Set 7,5120 sequences
MCT1 (with templates),0.978,0.7985,Set 7,5120 sequences
MCT1 (with templates),0.978,0.8035,Set 7,5120 sequences
MCT1 (with templates),0.9765,0.798,Set 7,5120 sequences
MCT1 (with templates),0.975,0.8117,Set 7,5120 sequences
MCT1 (with templates),0.9754,0.8083,Set 7,5120 sequences
MCT1 (with templates),0.9747,0.8009,Set 7,5120 sequences
MCT1 (with templates),0.9754,0.8082,Set 7,5120 sequences
MCT1 (with templates),0.9785,0.7977,Set 7,5120 sequences
MCT1 (with templates),0.9768,0.8086,Set 7,5120 sequences
MCT1 (with templates),0.9784,0.7993,Set 7,5120 sequences
MCT1 (with templates),0.9761,0.8086,Set 7,5120 sequences
MCT1 (with templates),0.9773,0.8036,Set 7,5120 sequences
MCT1 (with templates),0.9779,0.8015,Set 7,5120 sequences
MCT1 (with templates),0.978,0.8023,Set 7,5120 sequences
MCT1 (with templates),0.9777,0.8087,Set 7,5120 sequences
MCT1 (with templates),0.978,0.796,Set 7,5120 sequences
MCT1 (with templates),0.9774,0.8019,Set 7,5120 sequences
MCT1 (with templates),0.9756,0.811,Set 7,5120 sequences
MCT1 (with templates),0.9764,0.8088,Set 7,5120 sequences
MCT1 (with templates),0.9743,0.8083,Set 7,5120 sequences
MCT1 (with templates),0.9757,0.8033,Set 7,5120 sequences
MCT1 (with templates),0.9767,0.809,Set 7,5120 sequences
MCT1 (with templates),0.9763,0.8076,Set 7,5120 sequences
MCT1 (with templates),0.9772,0.794,Set 7,5120 sequences
MCT1 (with templates),0.9725,0.8098,Set 7,5120 sequences
MCT1 (with templates),0.9777,0.7936,Set 7,5120 sequences
MCT1 (with templates),0.9747,0.8027,Set 7,5120 sequences
MCT1 (with templates),0.9779,0.8029,Set 7,5120 sequences
MCT1 (with templates),0.9734,0.8123,Set 7,5120 sequences
MCT1 (with templates),0.9778,0.8041,Set 7,5120 sequences
MCT1 (with templates),0.9783,0.803,Set 7,5120 sequences
MCT1 (with templates),0.9776,0.802,Set 7,5120 sequences
MCT1 (with templates),0.9778,0.7992,Set 7,5120 sequences
MCT1 (with templates),0.9781,0.8051,Set 7,5120 sequences
PTH1R,0.8412,0.935,Set 1,32 sequences
PTH1R,0.8785,0.8859,Set 1,32 sequences
PTH1R,0.8088,0.8136,Set 1,32 sequences
PTH1R,0.8946,0.8757,Set 1,32 sequences
PTH1R,0.8875,0.8845,Set 1,32 sequences
PTH1R,0.8436,0.8781,Set 1,32 sequences
PTH1R,0.9013,0.8649,Set 1,32 sequences
PTH1R,0.8782,0.8867,Set 1,32 sequences
PTH1R,0.868,0.8833,Set 1,32 sequences
PTH1R,0.8208,0.8364,Set 1,32 sequences
PTH1R,0.8671,0.8587,Set 1,32 sequences
PTH1R,0.8582,0.8876,Set 1,32 sequences
PTH1R,0.8277,0.8893,Set 1,32 sequences
PTH1R,0.8809,0.8504,Set 1,32 sequences
PTH1R,0.8925,0.859,Set 1,32 sequences
PTH1R,0.8537,0.8734,Set 1,32 sequences
PTH1R,0.8844,0.8745,Set 1,32 sequences
PTH1R,0.8194,0.8508,Set 1,32 sequences
PTH1R,0.8339,0.8196,Set 1,32 sequences
PTH1R,0.871,0.893,Set 1,32 sequences
PTH1R,0.8899,0.87,Set 1,32 sequences
PTH1R,0.8614,0.8901,Set 1,32 sequences
PTH1R,0.8687,0.8995,Set 1,32 sequences
PTH1R,0.8584,0.8943,Set 1,32 sequences
PTH1R,0.8771,0.8837,Set 1,32 sequences
PTH1R,0.8794,0.8755,Set 1,32 sequences
PTH1R,0.8866,0.8831,Set 1,32 sequences
PTH1R,0.7994,0.8611,Set 1,32 sequences
PTH1R,0.8421,0.9034,Set 1,32 sequences
PTH1R,0.8507,0.9124,Set 1,32 sequences
PTH1R,0.8548,0.8694,Set 1,32 sequences
PTH1R,0.8765,0.8961,Set 1,32 sequences
PTH1R,0.7913,0.8749,Set 1,32 sequences
PTH1R,0.8628,0.8952,Set 1,32 sequences
PTH1R,0.8519,0.9065,Set 1,32 sequences
PTH1R,0.8535,0.9029,Set 1,32 sequences
PTH1R,0.8648,0.8879,Set 1,32 sequences
PTH1R,0.8569,0.8977,Set 1,32 sequences
PTH1R,0.8155,0.8236,Set 1,32 sequences
PTH1R,0.8686,0.8984,Set 1,32 sequences
PTH1R,0.8218,0.8171,Set 1,32 sequences
PTH1R,0.8484,0.8681,Set 1,32 sequences
PTH1R,0.8848,0.8773,Set 1,32 sequences
PTH1R,0.8817,0.8827,Set 1,32 sequences
PTH1R,0.8492,0.8572,Set 1,32 sequences
PTH1R,0.8416,0.9271,Set 1,32 sequences
PTH1R,0.9002,0.8612,Set 1,32 sequences
PTH1R,0.8237,0.8121,Set 1,32 sequences
PTH1R,0.891,0.8617,Set 1,32 sequences
PTH1R,0.8899,0.8757,Set 1,32 sequences
PTH1R,0.8247,0.9365,Set 2,64 sequences
PTH1R,0.8614,0.9162,Set 2,64 sequences
PTH1R,0.8755,0.891,Set 2,64 sequences
PTH1R,0.8213,0.924,Set 2,64 sequences
PTH1R,0.8358,0.9427,Set 2,64 sequences
PTH1R,0.8377,0.9366,Set 2,64 sequences
PTH1R,0.8328,0.9464,Set 2,64 sequences
PTH1R,0.8315,0.9405,Set 2,64 sequences
PTH1R,0.8877,0.8954,Set 2,64 sequences
PTH1R,0.8283,0.9359,Set 2,64 sequences
PTH1R,0.831,0.9444,Set 2,64 sequences
PTH1R,0.8842,0.8862,Set 2,64 sequences
PTH1R,0.872,0.9074,Set 2,64 sequences
PTH1R,0.8446,0.93,Set 2,64 sequences
PTH1R,0.8353,0.9358,Set 2,64 sequences
PTH1R,0.8536,0.9082,Set 2,64 sequences
PTH1R,0.8552,0.9106,Set 2,64 sequences
PTH1R,0.8389,0.934,Set 2,64 sequences
PTH1R,0.8337,0.9403,Set 2,64 sequences
PTH1R,0.83,0.9335,Set 2,64 sequences
PTH1R,0.8369,0.9126,Set 2,64 sequences
PTH1R,0.8413,0.9515,Set 2,64 sequences
PTH1R,0.8342,0.9408,Set 2,64 sequences
PTH1R,0.8838,0.8982,Set 2,64 sequences
PTH1R,0.8638,0.8993,Set 2,64 sequences
PTH1R,0.8223,0.9393,Set 2,64 sequences
PTH1R,0.8424,0.938,Set 2,64 sequences
PTH1R,0.8291,0.9162,Set 2,64 sequences
PTH1R,0.8849,0.9022,Set 2,64 sequences
PTH1R,0.831,0.9383,Set 2,64 sequences
PTH1R,0.8474,0.9397,Set 2,64 sequences
PTH1R,0.8781,0.8955,Set 2,64 sequences
PTH1R,0.8734,0.9066,Set 2,64 sequences
PTH1R,0.9021,0.8821,Set 2,64 sequences
PTH1R,0.8306,0.9375,Set 2,64 sequences
PTH1R,0.8322,0.9471,Set 2,64 sequences
PTH1R,0.8419,0.9033,Set 2,64 sequences
PTH1R,0.8398,0.9093,Set 2,64 sequences
PTH1R,0.8608,0.9054,Set 2,64 sequences
PTH1R,0.8896,0.8943,Set 2,64 sequences
PTH1R,0.8571,0.918,Set 2,64 sequences
PTH1R,0.8724,0.9054,Set 2,64 sequences
PTH1R,0.8914,0.8915,Set 2,64 sequences
PTH1R,0.8722,0.9088,Set 2,64 sequences
PTH1R,0.8844,0.8986,Set 2,64 sequences
PTH1R,0.8738,0.8985,Set 2,64 sequences
PTH1R,0.8755,0.905,Set 2,64 sequences
PTH1R,0.8639,0.9065,Set 2,64 sequences
PTH1R,0.8641,0.9249,Set 2,64 sequences
PTH1R,0.8382,0.9031,Set 2,64 sequences
PTH1R,0.8353,0.923,Set 3,128 sequences
PTH1R,0.8582,0.9054,Set 3,128 sequences
PTH1R,0.8354,0.9477,Set 3,128 sequences
PTH1R,0.8455,0.9359,Set 3,128 sequences
PTH1R,0.8242,0.9237,Set 3,128 sequences
PTH1R,0.8458,0.9228,Set 3,128 sequences
PTH1R,0.836,0.9469,Set 3,128 sequences
PTH1R,0.8475,0.9164,Set 3,128 sequences
PTH1R,0.8517,0.9421,Set 3,128 sequences
PTH1R,0.8299,0.9438,Set 3,128 sequences
PTH1R,0.8368,0.9461,Set 3,128 sequences
PTH1R,0.8479,0.9317,Set 3,128 sequences
PTH1R,0.839,0.9465,Set 3,128 sequences
PTH1R,0.8558,0.9071,Set 3,128 sequences
PTH1R,0.8258,0.9267,Set 3,128 sequences
PTH1R,0.8334,0.945,Set 3,128 sequences
PTH1R,0.8673,0.909,Set 3,128 sequences
PTH1R,0.8457,0.917,Set 3,128 sequences
PTH1R,0.8503,0.9272,Set 3,128 sequences
PTH1R,0.8332,0.9358,Set 3,128 sequences
PTH1R,0.8282,0.9263,Set 3,128 sequences
PTH1R,0.8608,0.9172,Set 3,128 sequences
PTH1R,0.8649,0.9109,Set 3,128 sequences
PTH1R,0.8507,0.912,Set 3,128 sequences
PTH1R,0.8457,0.9282,Set 3,128 sequences
PTH1R,0.8583,0.9101,Set 3,128 sequences
PTH1R,0.8619,0.9093,Set 3,128 sequences
PTH1R,0.8505,0.9109,Set 3,128 sequences
PTH1R,0.8346,0.9264,Set 3,128 sequences
PTH1R,0.8353,0.9263,Set 3,128 sequences
PTH1R,0.8295,0.9502,Set 3,128 sequences
PTH1R,0.8272,0.9338,Set 3,128 sequences
PTH1R,0.8324,0.9303,Set 3,128 sequences
PTH1R,0.8352,0.928,Set 3,128 sequences
PTH1R,0.8289,0.9428,Set 3,128 sequences
PTH1R,0.828,0.9255,Set 3,128 sequences
PTH1R,0.8602,0.9118,Set 3,128 sequences
PTH1R,0.8309,0.9446,Set 3,128 sequences
PTH1R,0.8393,0.9348,Set 3,128 sequences
PTH1R,0.8393,0.9256,Set 3,128 sequences
PTH1R,0.8447,0.9295,Set 3,128 sequences
PTH1R,0.8303,0.9456,Set 3,128 sequences
PTH1R,0.8366,0.9262,Set 3,128 sequences
PTH1R,0.8436,0.926,Set 3,128 sequences
PTH1R,0.8257,0.9265,Set 3,128 sequences
PTH1R,0.8296,0.9438,Set 3,128 sequences
PTH1R,0.8599,0.9228,Set 3,128 sequences
PTH1R,0.83,0.9355,Set 3,128 sequences
PTH1R,0.8316,0.9317,Set 3,128 sequences
PTH1R,0.8298,0.947,Set 3,128 sequences
PTH1R,0.8273,0.9278,Set 4,256 sequences
PTH1R,0.8344,0.9301,Set 4,256 sequences
PTH1R,0.8326,0.9274,Set 4,256 sequences
PTH1R,0.8216,0.924,Set 4,256 sequences
PTH1R,0.8205,0.923,Set 4,256 sequences
PTH1R,0.8348,0.932,Set 4,256 sequences
PTH1R,0.8257,0.9274,Set 4,256 sequences
PTH1R,0.8231,0.9257,Set 4,256 sequences
PTH1R,0.831,0.9235,Set 4,256 sequences
PTH1R,0.8306,0.9229,Set 4,256 sequences
PTH1R,0.8217,0.9257,Set 4,256 sequences
PTH1R,0.8268,0.9293,Set 4,256 sequences
PTH1R,0.8269,0.9284,Set 4,256 sequences
PTH1R,0.8251,0.9248,Set 4,256 sequences
PTH1R,0.8316,0.9403,Set 4,256 sequences
PTH1R,0.8331,0.9447,Set 4,256 sequences
PTH1R,0.8481,0.9214,Set 4,256 sequences
PTH1R,0.8307,0.9288,Set 4,256 sequences
PTH1R,0.8273,0.9227,Set 4,256 sequences
PTH1R,0.8239,0.9272,Set 4,256 sequences
PTH1R,0.8288,0.9447,Set 4,256 sequences
PTH1R,0.8265,0.9457,Set 4,256 sequences
PTH1R,0.8288,0.9303,Set 4,256 sequences
PTH1R,0.8286,0.9283,Set 4,256 sequences
PTH1R,0.8313,0.9254,Set 4,256 sequences
PTH1R,0.8545,0.9087,Set 4,256 sequences
PTH1R,0.8272,0.9266,Set 4,256 sequences
PTH1R,0.824,0.9233,Set 4,256 sequences
PTH1R,0.8305,0.9423,Set 4,256 sequences
PTH1R,0.8299,0.9445,Set 4,256 sequences
PTH1R,0.832,0.9458,Set 4,256 sequences
PTH1R,0.8279,0.9394,Set 4,256 sequences
PTH1R,0.8296,0.9456,Set 4,256 sequences
PTH1R,0.8274,0.9272,Set 4,256 sequences
PTH1R,0.8261,0.9422,Set 4,256 sequences
PTH1R,0.833,0.941,Set 4,256 sequences
PTH1R,0.8513,0.9077,Set 4,256 sequences
PTH1R,0.8278,0.9447,Set 4,256 sequences
PTH1R,0.8233,0.9241,Set 4,256 sequences
PTH1R,0.8321,0.9409,Set 4,256 sequences
PTH1R,0.8358,0.9475,Set 4,256 sequences
PTH1R,0.8322,0.9442,Set 4,256 sequences
PTH1R,0.8251,0.9368,Set 4,256 sequences
PTH1R,0.8474,0.9092,Set 4,256 sequences
PTH1R,0.8304,0.9443,Set 4,256 sequences
PTH1R,0.8308,0.9415,Set 4,256 sequences
PTH1R,0.831,0.9493,Set 4,256 sequences
PTH1R,0.832,0.9472,Set 4,256 sequences
PTH1R,0.8251,0.9229,Set 4,256 sequences
PTH1R,0.8247,0.9179,Set 4,256 sequences
PTH1R,0.8294,0.9262,Set 5,512 sequences
PTH1R,0.8229,0.9218,Set 5,512 sequences
PTH1R,0.8235,0.9237,Set 5,512 sequences
PTH1R,0.8217,0.9209,Set 5,512 sequences
PTH1R,0.8142,0.9164,Set 5,512 sequences
PTH1R,0.8269,0.9248,Set 5,512 sequences
PTH1R,0.8269,0.9256,Set 5,512 sequences
PTH1R,0.8264,0.9237,Set 5,512 sequences
PTH1R,0.8248,0.9274,Set 5,512 sequences
PTH1R,0.8209,0.9182,Set 5,512 sequences
PTH1R,0.8224,0.9374,Set 5,512 sequences
PTH1R,0.8225,0.9427,Set 5,512 sequences
PTH1R,0.8161,0.9168,Set 5,512 sequences
PTH1R,0.8245,0.9233,Set 5,512 sequences
PTH1R,0.8182,0.9174,Set 5,512 sequences
PTH1R,0.8153,0.9144,Set 5,512 sequences
PTH1R,0.8284,0.9459,Set 5,512 sequences
PTH1R,0.8243,0.9405,Set 5,512 sequences
PTH1R,0.8185,0.919,Set 5,512 sequences
PTH1R,0.8189,0.9187,Set 5,512 sequences
PTH1R,0.8273,0.9256,Set 5,512 sequences
PTH1R,0.8227,0.924,Set 5,512 sequences
PTH1R,0.8247,0.9368,Set 5,512 sequences
PTH1R,0.8252,0.9397,Set 5,512 sequences
PTH1R,0.8245,0.9428,Set 5,512 sequences
PTH1R,0.8244,0.9408,Set 5,512 sequences
PTH1R,0.8216,0.9185,Set 5,512 sequences
PTH1R,0.8257,0.9159,Set 5,512 sequences
PTH1R,0.8205,0.9176,Set 5,512 sequences
PTH1R,0.8165,0.9203,Set 5,512 sequences
PTH1R,0.8215,0.9385,Set 5,512 sequences
PTH1R,0.8242,0.9416,Set 5,512 sequences
PTH1R,0.8356,0.9063,Set 5,512 sequences
PTH1R,0.8358,0.9123,Set 5,512 sequences
PTH1R,0.818,0.9367,Set 5,512 sequences
PTH1R,0.8204,0.9378,Set 5,512 sequences
PTH1R,0.8256,0.9441,Set 5,512 sequences
PTH1R,0.8187,0.9358,Set 5,512 sequences
PTH1R,0.818,0.918,Set 5,512 sequences
PTH1R,0.822,0.9404,Set 5,512 sequences
PTH1R,0.8294,0.9449,Set 5,512 sequences
PTH1R,0.8222,0.9203,Set 5,512 sequences
PTH1R,0.8135,0.9318,Set 5,512 sequences
PTH1R,0.8296,0.9286,Set 5,512 sequences
PTH1R,0.8259,0.9238,Set 5,512 sequences
PTH1R,0.8271,0.9407,Set 5,512 sequences
PTH1R,0.8202,0.9397,Set 5,512 sequences
PTH1R,0.8257,0.9415,Set 5,512 sequences
PTH1R,0.8104,0.9169,Set 5,512 sequences
PTH1R,0.8173,0.9179,Set 5,512 sequences
PTH1R,0.8225,0.9383,Set 6,1024 sequences
PTH1R,0.8233,0.9218,Set 6,1024 sequences
PTH1R,0.8316,0.9231,Set 6,1024 sequences
PTH1R,0.8277,0.9207,Set 6,1024 sequences
PTH1R,0.8279,0.9271,Set 6,1024 sequences
PTH1R,0.8185,0.9393,Set 6,1024 sequences
PTH1R,0.8268,0.9262,Set 6,1024 sequences
PTH1R,0.824,0.9242,Set 6,1024 sequences
PTH1R,0.825,0.9234,Set 6,1024 sequences
PTH1R,0.8245,0.9216,Set 6,1024 sequences
PTH1R,0.8294,0.9212,Set 6,1024 sequences
PTH1R,0.8256,0.9231,Set 6,1024 sequences
PTH1R,0.8204,0.9246,Set 6,1024 sequences
PTH1R,0.8238,0.925,Set 6,1024 sequences
PTH1R,0.8272,0.9231,Set 6,1024 sequences
PTH1R,0.8294,0.9244,Set 6,1024 sequences
PTH1R,0.8349,0.9231,Set 6,1024 sequences
PTH1R,0.8297,0.925,Set 6,1024 sequences
PTH1R,0.8258,0.9254,Set 6,1024 sequences
PTH1R,0.8252,0.9227,Set 6,1024 sequences
PTH1R,0.8248,0.9247,Set 6,1024 sequences
PTH1R,0.8266,0.9232,Set 6,1024 sequences
PTH1R,0.8361,0.9082,Set 6,1024 sequences
PTH1R,0.8254,0.9241,Set 6,1024 sequences
PTH1R,0.8224,0.9276,Set 6,1024 sequences
PTH1R,0.8189,0.9371,Set 6,1024 sequences
PTH1R,0.8172,0.9382,Set 6,1024 sequences
PTH1R,0.8258,0.9243,Set 6,1024 sequences
PTH1R,0.818,0.9389,Set 6,1024 sequences
PTH1R,0.8244,0.942,Set 6,1024 sequences
PTH1R,0.8261,0.942,Set 6,1024 sequences
PTH1R,0.8217,0.942,Set 6,1024 sequences
PTH1R,0.8344,0.92,Set 6,1024 sequences
PTH1R,0.8146,0.935,Set 6,1024 sequences
PTH1R,0.8136,0.9372,Set 6,1024 sequences
PTH1R,0.8342,0.9178,Set 6,1024 sequences
PTH1R,0.8199,0.937,Set 6,1024 sequences
PTH1R,0.822,0.9413,Set 6,1024 sequences
PTH1R,0.8275,0.9197,Set 6,1024 sequences
PTH1R,0.8158,0.9379,Set 6,1024 sequences
PTH1R,0.8173,0.9383,Set 6,1024 sequences
PTH1R,0.8212,0.9225,Set 6,1024 sequences
PTH1R,0.8176,0.9375,Set 6,1024 sequences
PTH1R,0.8192,0.9373,Set 6,1024 sequences
PTH1R,0.8191,0.9385,Set 6,1024 sequences
PTH1R,0.8227,0.9437,Set 6,1024 sequences
PTH1R,0.8265,0.9427,Set 6,1024 sequences
PTH1R,0.8239,0.9221,Set 6,1024 sequences
PTH1R,0.8266,0.9237,Set 6,1024 sequences
PTH1R,0.8162,0.937,Set 6,1024 sequences
PTH1R,0.8323,0.9284,Set 7,5120 sequences
PTH1R,0.8313,0.9233,Set 7,5120 sequences
PTH1R,0.8272,0.9234,Set 7,5120 sequences
PTH1R,0.8268,0.9252,Set 7,5120 sequences
PTH1R,0.8281,0.921,Set 7,5120 sequences
PTH1R,0.8299,0.9261,Set 7,5120 sequences
PTH1R,0.8287,0.9242,Set 7,5120 sequences
PTH1R,0.8327,0.9239,Set 7,5120 sequences
PTH1R,0.8288,0.9269,Set 7,5120 sequences
PTH1R,0.8269,0.9216,Set 7,5120 sequences
PTH1R,0.8169,0.941,Set 7,5120 sequences
PTH1R,0.821,0.94,Set 7,5120 sequences
PTH1R,0.8301,0.9216,Set 7,5120 sequences
PTH1R,0.8278,0.9269,Set 7,5120 sequences
PTH1R,0.8335,0.9193,Set 7,5120 sequences
PTH1R,0.8335,0.9299,Set 7,5120 sequences
PTH1R,0.8176,0.9418,Set 7,5120 sequences
PTH1R,0.8207,0.9438,Set 7,5120 sequences
PTH1R,0.8334,0.9205,Set 7,5120 sequences
PTH1R,0.828,0.9235,Set 7,5120 sequences
PTH1R,0.8352,0.9223,Set 7,5120 sequences
PTH1R,0.8294,0.9222,Set 7,5120 sequences
PTH1R,0.8215,0.9404,Set 7,5120 sequences
PTH1R,0.8229,0.9433,Set 7,5120 sequences
PTH1R,0.8188,0.9394,Set 7,5120 sequences
PTH1R,0.8201,0.9396,Set 7,5120 sequences
PTH1R,0.8243,0.9217,Set 7,5120 sequences
PTH1R,0.8296,0.9241,Set 7,5120 sequences
PTH1R,0.8266,0.9241,Set 7,5120 sequences
PTH1R,0.8283,0.9257,Set 7,5120 sequences
PTH1R,0.8227,0.9443,Set 7,5120 sequences
PTH1R,0.8179,0.9415,Set 7,5120 sequences
PTH1R,0.8268,0.9237,Set 7,5120 sequences
PTH1R,0.8277,0.9236,Set 7,5120 sequences
PTH1R,0.8209,0.9421,Set 7,5120 sequences
PTH1R,0.8214,0.9416,Set 7,5120 sequences
PTH1R,0.8205,0.9402,Set 7,5120 sequences
PTH1R,0.8213,0.9406,Set 7,5120 sequences
PTH1R,0.8329,0.9218,Set 7,5120 sequences
PTH1R,0.8227,0.9406,Set 7,5120 sequences
PTH1R,0.8137,0.9385,Set 7,5120 sequences
PTH1R,0.8308,0.9204,Set 7,5120 sequences
PTH1R,0.8212,0.9423,Set 7,5120 sequences
PTH1R,0.8416,0.9079,Set 7,5120 sequences
PTH1R,0.8283,0.9242,Set 7,5120 sequences
PTH1R,0.8244,0.9416,Set 7,5120 sequences
PTH1R,0.8231,0.9421,Set 7,5120 sequences
PTH1R,0.8195,0.9413,Set 7,5120 sequences
PTH1R,0.8273,0.9268,Set 7,5120 sequences
PTH1R,0.8257,0.9229,Set 7,5120 sequences
FZD7,0.9382,0.9268,Set 1,32 sequences
FZD7,0.9084,0.942,Set 1,32 sequences
FZD7,0.9449,0.9314,Set 1,32 sequences
FZD7,0.9225,0.9428,Set 1,32 sequences
FZD7,0.9367,0.9252,Set 1,32 sequences
FZD7,0.9303,0.9266,Set 1,32 sequences
FZD7,0.9157,0.9355,Set 1,32 sequences
FZD7,0.9307,0.9256,Set 1,32 sequences
FZD7,0.9293,0.9201,Set 1,32 sequences
FZD7,0.9202,0.9358,Set 1,32 sequences
FZD7,0.9377,0.9237,Set 1,32 sequences
FZD7,0.9408,0.929,Set 1,32 sequences
FZD7,0.916,0.9434,Set 1,32 sequences
FZD7,0.9149,0.944,Set 1,32 sequences
FZD7,0.9223,0.9492,Set 1,32 sequences
FZD7,0.9127,0.8912,Set 1,32 sequences
FZD7,0.924,0.9192,Set 1,32 sequences
FZD7,0.928,0.9191,Set 1,32 sequences
FZD7,0.8957,0.9257,Set 1,32 sequences
FZD7,0.9353,0.9309,Set 1,32 sequences
FZD7,0.9133,0.9273,Set 1,32 sequences
FZD7,0.9341,0.9259,Set 1,32 sequences
FZD7,0.9313,0.9353,Set 1,32 sequences
FZD7,0.9275,0.9129,Set 1,32 sequences
FZD7,0.9326,0.9327,Set 1,32 sequences
FZD7,0.9135,0.9262,Set 1,32 sequences
FZD7,0.9375,0.9309,Set 1,32 sequences
FZD7,0.933,0.9124,Set 1,32 sequences
FZD7,0.9258,0.9203,Set 1,32 sequences
FZD7,0.9379,0.9136,Set 1,32 sequences
FZD7,0.9302,0.9242,Set 1,32 sequences
FZD7,0.925,0.9086,Set 1,32 sequences
FZD7,0.9006,0.9284,Set 1,32 sequences
FZD7,0.9324,0.9328,Set 1,32 sequences
FZD7,0.9279,0.943,Set 1,32 sequences
FZD7,0.922,0.9192,Set 1,32 sequences
FZD7,0.9406,0.9331,Set 1,32 sequences
FZD7,0.9241,0.9324,Set 1,32 sequences
FZD7,0.919,0.9014,Set 1,32 sequences
FZD7,0.9171,0.9428,Set 1,32 sequences
FZD7,0.933,0.9236,Set 1,32 sequences
FZD7,0.934,0.9234,Set 1,32 sequences
FZD7,0.924,0.9003,Set 1,32 sequences
FZD7,0.9345,0.9216,Set 1,32 sequences
FZD7,0.9114,0.9039,Set 1,32 sequences
FZD7,0.9247,0.9239,Set 1,32 sequences
FZD7,0.925,0.9417,Set 1,32 sequences
FZD7,0.92,0.9443,Set 1,32 sequences
FZD7,0.9205,0.9399,Set 1,32 sequences
FZD7,0.9083,0.9413,Set 1,32 sequences
FZD7,0.9227,0.9505,Set 2,64 sequences
FZD7,0.9226,0.9571,Set 2,64 sequences
FZD7,0.933,0.9305,Set 2,64 sequences
FZD7,0.9388,0.9303,Set 2,64 sequences
FZD7,0.9417,0.9312,Set 2,64 sequences
FZD7,0.9311,0.9266,Set 2,64 sequences
FZD7,0.9313,0.9301,Set 2,64 sequences
FZD7,0.9367,0.9305,Set 2,64 sequences
FZD7,0.9196,0.9535,Set 2,64 sequences
FZD7,0.927,0.9383,Set 2,64 sequences
FZD7,0.925,0.9563,Set 2,64 sequences
FZD7,0.9242,0.9552,Set 2,64 sequences
FZD7,0.937,0.9299,Set 2,64 sequences
FZD7,0.9392,0.9347,Set 2,64 sequences
FZD7,0.9416,0.9349,Set 2,64 sequences
FZD7,0.9244,0.9552,Set 2,64 sequences
FZD7,0.92,0.9504,Set 2,64 sequences
FZD7,0.9298,0.9278,Set 2,64 sequences
FZD7,0.9392,0.94,Set 2,64 sequences
FZD7,0.9359,0.9213,Set 2,64 sequences
FZD7,0.9407,0.9332,Set 2,64 sequences
FZD7,0.933,0.9216,Set 2,64 sequences
FZD7,0.937,0.9326,Set 2,64 sequences
FZD7,0.9354,0.9301,Set 2,64 sequences
FZD7,0.9327,0.9378,Set 2,64 sequences
FZD7,0.9136,0.9401,Set 2,64 sequences
FZD7,0.94,0.9357,Set 2,64 sequences
FZD7,0.9119,0.9406,Set 2,64 sequences
FZD7,0.9343,0.9311,Set 2,64 sequences
FZD7,0.9194,0.9543,Set 2,64 sequences
FZD7,0.9245,0.951,Set 2,64 sequences
FZD7,0.9385,0.94,Set 2,64 sequences
FZD7,0.9317,0.9191,Set 2,64 sequences
FZD7,0.94,0.9323,Set 2,64 sequences
FZD7,0.9407,0.9335,Set 2,64 sequences
FZD7,0.9267,0.9551,Set 2,64 sequences
FZD7,0.9169,0.9419,Set 2,64 sequences
FZD7,0.9284,0.9221,Set 2,64 sequences
FZD7,0.9394,0.9357,Set 2,64 sequences
FZD7,0.9236,0.9532,Set 2,64 sequences
FZD7,0.9122,0.9411,Set 2,64 sequences
FZD7,0.9369,0.9316,Set 2,64 sequences
FZD7,0.9259,0.9531,Set 2,64 sequences
FZD7,0.9189,0.947,Set 2,64 sequences
FZD7,0.9122,0.947,Set 2,64 sequences
FZD7,0.9343,0.9309,Set 2,64 sequences
FZD7,0.9148,0.9434,Set 2,64 sequences
FZD7,0.9172,0.9543,Set 2,64 sequences
FZD7,0.93,0.924,Set 2,64 sequences
FZD7,0.9292,0.9546,Set 2,64 sequences
FZD7,0.9256,0.9598,Set 3,128 sequences
FZD7,0.9403,0.935,Set 3,128 sequences
FZD7,0.9369,0.9214,Set 3,128 sequences
FZD7,0.9299,0.9279,Set 3,128 sequences
FZD7,0.9245,0.9576,Set 3,128 sequences
FZD7,0.932,0.9273,Set 3,128 sequences
FZD7,0.9387,0.9381,Set 3,128 sequences
FZD7,0.9362,0.9327,Set 3,128 sequences
FZD7,0.9411,0.9375,Set 3,128 sequences
FZD7,0.9256,0.9566,Set 3,128 sequences
FZD7,0.9216,0.9543,Set 3,128 sequences
FZD7,0.9224,0.9536,Set 3,128 sequences
FZD7,0.935,0.9337,Set 3,128 sequences
FZD7,0.941,0.9338,Set 3,128 sequences
FZD7,0.9383,0.9341,Set 3,128 sequences
FZD7,0.9383,0.9379,Set 3,128 sequences
FZD7,0.944,0.934,Set 3,128 sequences
FZD7,0.9368,0.9318,Set 3,128 sequences
FZD7,0.9413,0.9364,Set 3,128 sequences
FZD7,0.9427,0.9345,Set 3,128 sequences
FZD7,0.9387,0.9341,Set 3,128 sequences
FZD7,0.9395,0.9345,Set 3,128 sequences
FZD7,0.9407,0.9327,Set 3,128 sequences
FZD7,0.9227,0.9555,Set 3,128 sequences
FZD7,0.9379,0.9436,Set 3,128 sequences
FZD7,0.9238,0.9523,Set 3,128 sequences
FZD7,0.9411,0.9362,Set 3,128 sequences
FZD7,0.9396,0.9362,Set 3,128 sequences
FZD7,0.9389,0.9364,Set 3,128 sequences
FZD7,0.9263,0.9568,Set 3,128 sequences
FZD7,0.9405,0.9398,Set 3,128 sequences
FZD7,0.9415,0.9336,Set 3,128 sequences
FZD7,0.9243,0.9236,Set 3,128 sequences
FZD7,0.9391,0.9367,Set 3,128 sequences
FZD7,0.9322,0.9317,Set 3,128 sequences
FZD7,0.9249,0.9546,Set 3,128 sequences
FZD7,0.9417,0.9346,Set 3,128 sequences
FZD7,0.9402,0.9359,Set 3,128 sequences
FZD7,0.9244,0.9582,Set 3,128 sequences
FZD7,0.9396,0.936,Set 3,128 sequences
FZD7,0.9372,0.9363,Set 3,128 sequences
FZD7,0.9401,0.9338,Set 3,128 sequences
FZD7,0.941,0.9362,Set 3,128 sequences
FZD7,0.9419,0.9383,Set 3,128 sequences
FZD7,0.9225,0.9543,Set 3,128 sequences
FZD7,0.9391,0.9352,Set 3,128 sequences
FZD7,0.9262,0.9551,Set 3,128 sequences
FZD7,0.9443,0.9332,Set 3,128 sequences
FZD7,0.9379,0.933,Set 3,128 sequences
FZD7,0.9402,0.9377,Set 3,128 sequences
FZD7,0.9405,0.9347,Set 4,256 sequences
FZD7,0.9398,0.9323,Set 4,256 sequences
FZD7,0.9422,0.9363,Set 4,256 sequences
FZD7,0.9387,0.9434,Set 4,256 sequences
FZD7,0.9377,0.9421,Set 4,256 sequences
FZD7,0.9415,0.9367,Set 4,256 sequences
FZD7,0.9362,0.9352,Set 4,256 sequences
FZD7,0.9405,0.9363,Set 4,256 sequences
FZD7,0.9399,0.9362,Set 4,256 sequences
FZD7,0.9227,0.9559,Set 4,256 sequences
FZD7,0.9404,0.937,Set 4,256 sequences
FZD7,0.9352,0.9415,Set 4,256 sequences
FZD7,0.9379,0.9419,Set 4,256 sequences
FZD7,0.9393,0.9367,Set 4,256 sequences
FZD7,0.9391,0.9402,Set 4,256 sequences
FZD7,0.9312,0.9535,Set 4,256 sequences
FZD7,0.936,0.9341,Set 4,256 sequences
FZD7,0.9357,0.9358,Set 4,256 sequences
FZD7,0.9239,0.9564,Set 4,256 sequences
FZD7,0.9407,0.9369,Set 4,256 sequences
FZD7,0.9388,0.9364,Set 4,256 sequences
FZD7,0.9405,0.9356,Set 4,256 sequences
FZD7,0.9404,0.9362,Set 4,256 sequences
FZD7,0.9394,0.9385,Set 4,256 sequences
FZD7,0.9383,0.934,Set 4,256 sequences
FZD7,0.9395,0.934,Set 4,256 sequences
FZD7,0.937,0.9379,Set 4,256 sequences
FZD7,0.9271,0.9562,Set 4,256 sequences
FZD7,0.9399,0.9367,Set 4,256 sequences
FZD7,0.9251,0.9571,Set 4,256 sequences
FZD7,0.9386,0.9372,Set 4,256 sequences
FZD7,0.9407,0.9367,Set 4,256 sequences
FZD7,0.9414,0.9365,Set 4,256 sequences
FZD7,0.9282,0.9535,Set 4,256 sequences
FZD7,0.9402,0.9352,Set 4,256 sequences
FZD7,0.9371,0.9334,Set 4,256 sequences
FZD7,0.9377,0.9326,Set 4,256 sequences
FZD7,0.9377,0.9421,Set 4,256 sequences
FZD7,0.9223,0.9555,Set 4,256 sequences
FZD7,0.9388,0.9354,Set 4,256 sequences
FZD7,0.9381,0.9373,Set 4,256 sequences
FZD7,0.9385,0.9378,Set 4,256 sequences
FZD7,0.9339,0.9454,Set 4,256 sequences
FZD7,0.9401,0.9346,Set 4,256 sequences
FZD7,0.9368,0.9347,Set 4,256 sequences
FZD7,0.9376,0.9358,Set 4,256 sequences
FZD7,0.9369,0.9348,Set 4,256 sequences
FZD7,0.9388,0.9364,Set 4,256 sequences
FZD7,0.94,0.9389,Set 4,256 sequences
FZD7,0.937,0.9403,Set 4,256 sequences
FZD7,0.9365,0.9405,Set 5,512 sequences
FZD7,0.9393,0.9356,Set 5,512 sequences
FZD7,0.9391,0.9344,Set 5,512 sequences
FZD7,0.9366,0.9356,Set 5,512 sequences
FZD7,0.937,0.9364,Set 5,512 sequences
FZD7,0.9379,0.9332,Set 5,512 sequences
FZD7,0.9386,0.9361,Set 5,512 sequences
FZD7,0.9349,0.9399,Set 5,512 sequences
FZD7,0.9367,0.9356,Set 5,512 sequences
FZD7,0.9393,0.9366,Set 5,512 sequences
FZD7,0.9368,0.9361,Set 5,512 sequences
FZD7,0.9372,0.9349,Set 5,512 sequences
FZD7,0.9356,0.9347,Set 5,512 sequences
FZD7,0.9397,0.937,Set 5,512 sequences
FZD7,0.939,0.9368,Set 5,512 sequences
FZD7,0.9381,0.9355,Set 5,512 sequences
FZD7,0.9402,0.937,Set 5,512 sequences
FZD7,0.9397,0.9353,Set 5,512 sequences
FZD7,0.9392,0.9361,Set 5,512 sequences
FZD7,0.94,0.9342,Set 5,512 sequences
FZD7,0.9387,0.9326,Set 5,512 sequences
FZD7,0.9406,0.9346,Set 5,512 sequences
FZD7,0.9393,0.9352,Set 5,512 sequences
FZD7,0.9379,0.9352,Set 5,512 sequences
FZD7,0.9394,0.9345,Set 5,512 sequences
FZD7,0.9392,0.9392,Set 5,512 sequences
FZD7,0.9309,0.9448,Set 5,512 sequences
FZD7,0.9374,0.9334,Set 5,512 sequences
FZD7,0.9392,0.9335,Set 5,512 sequences
FZD7,0.9391,0.9346,Set 5,512 sequences
FZD7,0.9387,0.9351,Set 5,512 sequences
FZD7,0.9399,0.9352,Set 5,512 sequences
FZD7,0.9404,0.9343,Set 5,512 sequences
FZD7,0.9396,0.9355,Set 5,512 sequences
FZD7,0.9361,0.9348,Set 5,512 sequences
FZD7,0.9355,0.9349,Set 5,512 sequences
FZD7,0.9394,0.9367,Set 5,512 sequences
FZD7,0.9371,0.9359,Set 5,512 sequences
FZD7,0.9376,0.9341,Set 5,512 sequences
FZD7,0.9373,0.9334,Set 5,512 sequences
FZD7,0.9378,0.9359,Set 5,512 sequences
FZD7,0.9403,0.9357,Set 5,512 sequences
FZD7,0.9393,0.9356,Set 5,512 sequences
FZD7,0.9227,0.9538,Set 5,512 sequences
FZD7,0.9358,0.9398,Set 5,512 sequences
FZD7,0.9359,0.9349,Set 5,512 sequences
FZD7,0.9381,0.937,Set 5,512 sequences
FZD7,0.9372,0.9408,Set 5,512 sequences
FZD7,0.9364,0.9354,Set 5,512 sequences
FZD7,0.939,0.9362,Set 5,512 sequences
FZD7,0.938,0.9334,Set 6,1024 sequences
FZD7,0.94,0.9342,Set 6,1024 sequences
FZD7,0.9381,0.9376,Set 6,1024 sequences
FZD7,0.939,0.9342,Set 6,1024 sequences
FZD7,0.9368,0.9365,Set 6,1024 sequences
FZD7,0.9374,0.9351,Set 6,1024 sequences
FZD7,0.9385,0.9349,Set 6,1024 sequences
FZD7,0.938,0.9362,Set 6,1024 sequences
FZD7,0.9357,0.9348,Set 6,1024 sequences
FZD7,0.937,0.9356,Set 6,1024 sequences
FZD7,0.9353,0.9356,Set 6,1024 sequences
FZD7,0.9366,0.9361,Set 6,1024 sequences
FZD7,0.9356,0.9343,Set 6,1024 sequences
FZD7,0.9386,0.9358,Set 6,1024 sequences
FZD7,0.9389,0.9356,Set 6,1024 sequences
FZD7,0.9359,0.9352,Set 6,1024 sequences
FZD7,0.9351,0.9369,Set 6,1024 sequences
FZD7,0.9405,0.9361,Set 6,1024 sequences
FZD7,0.9392,0.9347,Set 6,1024 sequences
FZD7,0.9396,0.9357,Set 6,1024 sequences
FZD7,0.9378,0.9345,Set 6,1024 sequences
FZD7,0.9368,0.9343,Set 6,1024 sequences
FZD7,0.938,0.9367,Set 6,1024 sequences
FZD7,0.9403,0.935,Set 6,1024 sequences
FZD7,0.9391,0.9352,Set 6,1024 sequences
FZD7,0.9401,0.9354,Set 6,1024 sequences
FZD7,0.9395,0.9347,Set 6,1024 sequences
FZD7,0.9369,0.9353,Set 6,1024 sequences
FZD7,0.9365,0.9344,Set 6,1024 sequences
FZD7,0.9386,0.9355,Set 6,1024 sequences
FZD7,0.9386,0.9344,Set 6,1024 sequences
FZD7,0.9389,0.9351,Set 6,1024 sequences
FZD7,0.9391,0.9354,Set 6,1024 sequences
FZD7,0.9358,0.9347,Set 6,1024 sequences
FZD7,0.9372,0.9354,Set 6,1024 sequences
FZD7,0.9394,0.936,Set 6,1024 sequences
FZD7,0.9394,0.9344,Set 6,1024 sequences
FZD7,0.9361,0.9341,Set 6,1024 sequences
FZD7,0.9372,0.9348,Set 6,1024 sequences
FZD7,0.9385,0.9344,Set 6,1024 sequences
FZD7,0.9397,0.9365,Set 6,1024 sequences
FZD7,0.9381,0.936,Set 6,1024 sequences
FZD7,0.9391,0.933,Set 6,1024 sequences
FZD7,0.9409,0.9347,Set 6,1024 sequences
FZD7,0.9388,0.9337,Set 6,1024 sequences
FZD7,0.9397,0.935,Set 6,1024 sequences
FZD7,0.9398,0.937,Set 6,1024 sequences
FZD7,0.9401,0.9345,Set 6,1024 sequences
FZD7,0.9383,0.9364,Set 6,1024 sequences
FZD7,0.9394,0.936,Set 6,1024 sequences
FZD7,0.9385,0.936,Set 7,5120 sequences
FZD7,0.935,0.935,Set 7,5120 sequences
FZD7,0.9391,0.9352,Set 7,5120 sequences
FZD7,0.9367,0.9359,Set 7,5120 sequences
FZD7,0.9368,0.9357,Set 7,5120 sequences
FZD7,0.9383,0.9349,Set 7,5120 sequences
FZD7,0.9366,0.9355,Set 7,5120 sequences
FZD7,0.9389,0.934,Set 7,5120 sequences
FZD7,0.9391,0.9363,Set 7,5120 sequences
FZD7,0.9364,0.936,Set 7,5120 sequences
FZD7,0.9366,0.9347,Set 7,5120 sequences
FZD7,0.9356,0.9361,Set 7,5120 sequences
FZD7,0.9359,0.9352,Set 7,5120 sequences
FZD7,0.9367,0.9358,Set 7,5120 sequences
FZD7,0.9366,0.9355,Set 7,5120 sequences
FZD7,0.9381,0.9361,Set 7,5120 sequences
FZD7,0.9369,0.9354,Set 7,5120 sequences
FZD7,0.9372,0.9353,Set 7,5120 sequences
FZD7,0.9377,0.9358,Set 7,5120 sequences
FZD7,0.9364,0.9359,Set 7,5120 sequences
FZD7,0.9365,0.9353,Set 7,5120 sequences
FZD7,0.9391,0.9371,Set 7,5120 sequences
FZD7,0.9395,0.935,Set 7,5120 sequences
FZD7,0.9422,0.9363,Set 7,5120 sequences
FZD7,0.9401,0.9365,Set 7,5120 sequences
FZD7,0.9391,0.9345,Set 7,5120 sequences
FZD7,0.9401,0.9358,Set 7,5120 sequences
FZD7,0.9386,0.9354,Set 7,5120 sequences
FZD7,0.9424,0.9365,Set 7,5120 sequences
FZD7,0.9376,0.9366,Set 7,5120 sequences
FZD7,0.9371,0.9367,Set 7,5120 sequences
FZD7,0.9387,0.935,Set 7,5120 sequences
FZD7,0.9396,0.9363,Set 7,5120 sequences
FZD7,0.9392,0.9363,Set 7,5120 sequences
FZD7,0.9391,0.9368,Set 7,5120 sequences
FZD7,0.9383,0.9356,Set 7,5120 sequences
FZD7,0.9368,0.9359,Set 7,5120 sequences
FZD7,0.9397,0.9351,Set 7,5120 sequences
FZD7,0.9388,0.9351,Set 7,5120 sequences
FZD7,0.9387,0.936,Set 7,5120 sequences
FZD7,0.9385,0.934,Set 7,5120 sequences
FZD7,0.936,0.9362,Set 7,5120 sequences
FZD7,0.9388,0.9357,Set 7,5120 sequences
FZD7,0.9393,0.9356,Set 7,5120 sequences
FZD7,0.9379,0.9351,Set 7,5120 sequences
FZD7,0.9388,0.9349,Set 7,5120 sequences
FZD7,0.9381,0.937,Set 7,5120 sequences
FZD7,0.9413,0.936,Set 7,5120 sequences
FZD7,0.9389,0.9351,Set 7,5120 sequences
FZD7,0.9389,0.9358,Set 7,5120 sequences
CGRPR,0.913,0.9223,Set 1,32 sequences
CGRPR,0.882,0.9328,Set 1,32 sequences
CGRPR,0.8636,0.9283,Set 1,32 sequences
CGRPR,0.8625,0.9463,Set 1,32 sequences
CGRPR,0.8816,0.9508,Set 1,32 sequences
CGRPR,0.8924,0.9279,Set 1,32 sequences
CGRPR,0.8972,0.9091,Set 1,32 sequences
CGRPR,0.898,0.9268,Set 1,32 sequences
CGRPR,0.8739,0.9486,Set 1,32 sequences
CGRPR,0.8713,0.9509,Set 1,32 sequences
CGRPR,0.8784,0.9322,Set 1,32 sequences
CGRPR,0.8813,0.9465,Set 1,32 sequences
CGRPR,0.8852,0.9204,Set 1,32 sequences
CGRPR,0.8841,0.9258,Set 1,32 sequences
CGRPR,0.8888,0.9361,Set 1,32 sequences
CGRPR,0.8969,0.9265,Set 1,32 sequences
CGRPR,0.8948,0.9245,Set 1,32 sequences
CGRPR,0.8646,0.9337,Set 1,32 sequences
CGRPR,0.8885,0.9347,Set 1,32 sequences
CGRPR,0.8907,0.9249,Set 1,32 sequences
CGRPR,0.9088,0.9067,Set 1,32 sequences
CGRPR,0.8742,0.9568,Set 1,32 sequences
CGRPR,0.8478,0.8495,Set 1,32 sequences
CGRPR,0.908,0.9204,Set 1,32 sequences
CGRPR,0.9547,0.8892,Set 1,32 sequences
CGRPR,0.8927,0.9173,Set 1,32 sequences
CGRPR,0.8794,0.9525,Set 1,32 sequences
CGRPR,0.8767,0.9036,Set 1,32 sequences
CGRPR,0.8987,0.9274,Set 1,32 sequences
CGRPR,0.9344,0.9006,Set 1,32 sequences
CGRPR,0.8796,0.931,Set 1,32 sequences
CGRPR,0.8758,0.9183,Set 1,32 sequences
CGRPR,0.9239,0.8916,Set 1,32 sequences
CGRPR,0.8698,0.9292,Set 1,32 sequences
CGRPR,0.8714,0.9313,Set 1,32 sequences
CGRPR,0.902,0.9203,Set 1,32 sequences
CGRPR,0.877,0.9496,Set 1,32 sequences
CGRPR,0.8969,0.9304,Set 1,32 sequences
CGRPR,0.8829,0.9213,Set 1,32 sequences
CGRPR,0.9481,0.8887,Set 1,32 sequences
CGRPR,0.8757,0.9315,Set 1,32 sequences
CGRPR,0.8735,0.9294,Set 1,32 sequences
CGRPR,0.8791,0.9273,Set 1,32 sequences
CGRPR,0.8696,0.9124,Set 1,32 sequences
CGRPR,0.8781,0.9371,Set 1,32 sequences
CGRPR,0.9032,0.9171,Set 1,32 sequences
CGRPR,0.875,0.929,Set 1,32 sequences
CGRPR,0.915,0.9242,Set 1,32 sequences
CGRPR,0.8906,0.9322,Set 1,32 sequences
CGRPR,0.874,0.953,Set 1,32 sequences
CGRPR,0.8641,0.934,Set 2,64 sequences
CGRPR,0.877,0.9585,Set 2,64 sequences
CGRPR,0.8946,0.9238,Set 2,64 sequences
CGRPR,0.8649,0.9633,Set 2,64 sequences
CGRPR,0.8765,0.9599,Set 2,64 sequences
CGRPR,0.8805,0.9585,Set 2,64 sequences
CGRPR,0.9131,0.9248,Set 2,64 sequences
CGRPR,0.8756,0.9588,Set 2,64 sequences
CGRPR,0.8684,0.9271,Set 2,64 sequences
CGRPR,0.8833,0.9649,Set 2,64 sequences
CGRPR,0.8696,0.9559,Set 2,64 sequences
CGRPR,0.8794,0.9464,Set 2,64 sequences
CGRPR,0.8915,0.9287,Set 2,64 sequences
CGRPR,0.9153,0.9013,Set 2,64 sequences
CGRPR,0.8668,0.9581,Set 2,64 sequences
CGRPR,0.846,0.9209,Set 2,64 sequences
CGRPR,0.8655,0.9579,Set 2,64 sequences
CGRPR,0.8701,0.9619,Set 2,64 sequences
CGRPR,0.8522,0.9267,Set 2,64 sequences
CGRPR,0.8793,0.9395,Set 2,64 sequences
CGRPR,0.8906,0.9405,Set 2,64 sequences
CGRPR,0.8859,0.9468,Set 2,64 sequences
CGRPR,0.8838,0.9611,Set 2,64 sequences
CGRPR,0.8736,0.9552,Set 2,64 sequences
CGRPR,0.8808,0.9478,Set 2,64 sequences
CGRPR,0.8696,0.9291,Set 2,64 sequences
CGRPR,0.8931,0.9249,Set 2,64 sequences
CGRPR,0.8778,0.96,Set 2,64 sequences
CGRPR,0.8797,0.9456,Set 2,64 sequences
CGRPR,0.882,0.93,Set 2,64 sequences
CGRPR,0.9148,0.9205,Set 2,64 sequences
CGRPR,0.8778,0.9545,Set 2,64 sequences
CGRPR,0.8834,0.9544,Set 2,64 sequences
CGRPR,0.8707,0.9261,Set 2,64 sequences
CGRPR,0.8693,0.9382,Set 2,64 sequences
CGRPR,0.9152,0.9251,Set 2,64 sequences
CGRPR,0.8751,0.956,Set 2,64 sequences
CGRPR,0.8658,0.9521,Set 2,64 sequences
CGRPR,0.8592,0.9548,Set 2,64 sequences
CGRPR,0.8808,0.9471,Set 2,64 sequences
CGRPR,0.8844,0.9352,Set 2,64 sequences
CGRPR,0.884,0.9553,Set 2,64 sequences
CGRPR,0.8692,0.948,Set 2,64 sequences
CGRPR,0.8691,0.9255,Set 2,64 sequences
CGRPR,0.8818,0.9529,Set 2,64 sequences
CGRPR,0.9012,0.9303,Set 2,64 sequences
CGRPR,0.8747,0.93,Set 2,64 sequences
CGRPR,0.8825,0.9353,Set 2,64 sequences
CGRPR,0.8758,0.9575,Set 2,64 sequences
CGRPR,0.8693,0.9607,Set 2,64 sequences
CGRPR,0.8767,0.9521,Set 3,128 sequences
CGRPR,0.8806,0.9561,Set 3,128 sequences
CGRPR,0.8845,0.9618,Set 3,128 sequences
CGRPR,0.8782,0.9563,Set 3,128 sequences
CGRPR,0.8846,0.9589,Set 3,128 sequences
CGRPR,0.8807,0.9339,Set 3,128 sequences
CGRPR,0.8837,0.9552,Set 3,128 sequences
CGRPR,0.8758,0.9419,Set 3,128 sequences
CGRPR,0.8705,0.959,Set 3,128 sequences
CGRPR,0.8784,0.9523,Set 3,128 sequences
CGRPR,0.8676,0.9556,Set 3,128 sequences
CGRPR,0.8824,0.9585,Set 3,128 sequences
CGRPR,0.8705,0.9248,Set 3,128 sequences
CGRPR,0.8726,0.9471,Set 3,128 sequences
CGRPR,0.8811,0.9559,Set 3,128 sequences
CGRPR,0.872,0.9394,Set 3,128 sequences
CGRPR,0.8738,0.9638,Set 3,128 sequences
CGRPR,0.8849,0.9594,Set 3,128 sequences
CGRPR,0.8733,0.9528,Set 3,128 sequences
CGRPR,0.8743,0.9579,Set 3,128 sequences
CGRPR,0.8798,0.9618,Set 3,128 sequences
CGRPR,0.879,0.9575,Set 3,128 sequences
CGRPR,0.8789,0.9617,Set 3,128 sequences
CGRPR,0.8761,0.9654,Set 3,128 sequences
CGRPR,0.8705,0.9641,Set 3,128 sequences
CGRPR,0.8803,0.9604,Set 3,128 sequences
CGRPR,0.8779,0.9612,Set 3,128 sequences
CGRPR,0.8725,0.9596,Set 3,128 sequences
CGRPR,0.8563,0.9276,Set 3,128 sequences
CGRPR,0.8946,0.9268,Set 3,128 sequences
CGRPR,0.8736,0.9625,Set 3,128 sequences
CGRPR,0.8503,0.9529,Set 3,128 sequences
CGRPR,0.8687,0.957,Set 3,128 sequences
CGRPR,0.8799,0.9598,Set 3,128 sequences
CGRPR,0.8793,0.9602,Set 3,128 sequences
CGRPR,0.8861,0.9606,Set 3,128 sequences
CGRPR,0.8699,0.9661,Set 3,128 sequences
CGRPR,0.8554,0.9509,Set 3,128 sequences
CGRPR,0.8722,0.9488,Set 3,128 sequences
CGRPR,0.8623,0.9604,Set 3,128 sequences
CGRPR,0.8795,0.9585,Set 3,128 sequences
CGRPR,0.8763,0.9596,Set 3,128 sequences
CGRPR,0.8829,0.9593,Set 3,128 sequences
CGRPR,0.8667,0.9277,Set 3,128 sequences
CGRPR,0.8672,0.9493,Set 3,128 sequences
CGRPR,0.8669,0.9491,Set 3,128 sequences
CGRPR,0.8699,0.9566,Set 3,128 sequences
CGRPR,0.8657,0.928,Set 3,128 sequences
CGRPR,0.8715,0.9338,Set 3,128 sequences
CGRPR,0.8648,0.9467,Set 3,128 sequences
CGRPR,0.8639,0.9555,Set 4,256 sequences
CGRPR,0.8749,0.9468,Set 4,256 sequences
CGRPR,0.8716,0.9582,Set 4,256 sequences
CGRPR,0.8771,0.9588,Set 4,256 sequences
CGRPR,0.8668,0.9603,Set 4,256 sequences
CGRPR,0.8826,0.9572,Set 4,256 sequences
CGRPR,0.8857,0.9388,Set 4,256 sequences
CGRPR,0.8709,0.962,Set 4,256 sequences
CGRPR,0.8597,0.9561,Set 4,256 sequences
CGRPR,0.8601,0.958,Set 4,256 sequences
CGRPR,0.8686,0.961,Set 4,256 sequences
CGRPR,0.8757,0.9527,Set 4,256 sequences
CGRPR,0.8789,0.9621,Set 4,256 sequences
CGRPR,0.868,0.9595,Set 4,256 sequences
CGRPR,0.87,0.9629,Set 4,256 sequences
CGRPR,0.8685,0.9578,Set 4,256 sequences
CGRPR,0.8827,0.9595,Set 4,256 sequences
CGRPR,0.871,0.9611,Set 4,256 sequences
CGRPR,0.8702,0.9625,Set 4,256 sequences
CGRPR,0.9109,0.9211,Set 4,256 sequences
CGRPR,0.8791,0.9568,Set 4,256 sequences
CGRPR,0.8664,0.9554,Set 4,256 sequences
CGRPR,0.8628,0.9559,Set 4,256 sequences
CGRPR,0.8682,0.958,Set 4,256 sequences
CGRPR,0.8649,0.9466,Set 4,256 sequences
CGRPR,0.8802,0.9471,Set 4,256 sequences
CGRPR,0.8711,0.9593,Set 4,256 sequences
CGRPR,0.8865,0.9546,Set 4,256 sequences
CGRPR,0.8821,0.9614,Set 4,256 sequences
CGRPR,0.874,0.9546,Set 4,256 sequences
CGRPR,0.881,0.9512,Set 4,256 sequences
CGRPR,0.865,0.933,Set 4,256 sequences
CGRPR,0.8601,0.9439,Set 4,256 sequences
CGRPR,0.8748,0.9662,Set 4,256 sequences
CGRPR,0.8581,0.9559,Set 4,256 sequences
CGRPR,0.8714,0.9632,Set 4,256 sequences
CGRPR,0.8807,0.9582,Set 4,256 sequences
CGRPR,0.879,0.9581,Set 4,256 sequences
CGRPR,0.8788,0.9506,Set 4,256 sequences
CGRPR,0.8808,0.9625,Set 4,256 sequences
CGRPR,0.8859,0.9573,Set 4,256 sequences
CGRPR,0.8725,0.9592,Set 4,256 sequences
CGRPR,0.8759,0.9625,Set 4,256 sequences
CGRPR,0.8757,0.9578,Set 4,256 sequences
CGRPR,0.8732,0.9559,Set 4,256 sequences
CGRPR,0.8771,0.9477,Set 4,256 sequences
CGRPR,0.8836,0.9579,Set 4,256 sequences
CGRPR,0.8787,0.956,Set 4,256 sequences
CGRPR,0.8727,0.9606,Set 4,256 sequences
CGRPR,0.8771,0.9484,Set 4,256 sequences
CGRPR,0.8818,0.9579,Set 5,512 sequences
CGRPR,0.8611,0.9382,Set 5,512 sequences
CGRPR,0.8524,0.944,Set 5,512 sequences
CGRPR,0.87,0.9599,Set 5,512 sequences
CGRPR,0.8759,0.9505,Set 5,512 sequences
CGRPR,0.8635,0.9282,Set 5,512 sequences
CGRPR,0.864,0.9454,Set 5,512 sequences
CGRPR,0.8722,0.9593,Set 5,512 sequences
CGRPR,0.8731,0.9596,Set 5,512 sequences
CGRPR,0.8557,0.9522,Set 5,512 sequences
CGRPR,0.8756,0.9566,Set 5,512 sequences
CGRPR,0.8739,0.9576,Set 5,512 sequences
CGRPR,0.8712,0.9527,Set 5,512 sequences
CGRPR,0.8669,0.9465,Set 5,512 sequences
CGRPR,0.8606,0.9427,Set 5,512 sequences
CGRPR,0.8801,0.9511,Set 5,512 sequences
CGRPR,0.8567,0.9575,Set 5,512 sequences
CGRPR,0.8617,0.9427,Set 5,512 sequences
CGRPR,0.8594,0.9446,Set 5,512 sequences
CGRPR,0.8705,0.9289,Set 5,512 sequences
CGRPR,0.8681,0.9563,Set 5,512 sequences
CGRPR,0.8632,0.9434,Set 5,512 sequences
CGRPR,0.8551,0.943,Set 5,512 sequences
CGRPR,0.8603,0.9448,Set 5,512 sequences
CGRPR,0.8616,0.9516,Set 5,512 sequences
CGRPR,0.8561,0.9541,Set 5,512 sequences
CGRPR,0.8765,0.9561,Set 5,512 sequences
CGRPR,0.8827,0.953,Set 5,512 sequences
CGRPR,0.8566,0.9504,Set 5,512 sequences
CGRPR,0.8648,0.9418,Set 5,512 sequences
CGRPR,0.868,0.9558,Set 5,512 sequences
CGRPR,0.859,0.9441,Set 5,512 sequences
CGRPR,0.8599,0.9449,Set 5,512 sequences
CGRPR,0.8587,0.9457,Set 5,512 sequences
CGRPR,0.8663,0.961,Set 5,512 sequences
CGRPR,0.8804,0.9581,Set 5,512 sequences
CGRPR,0.86,0.9455,Set 5,512 sequences
CGRPR,0.8749,0.9594,Set 5,512 sequences
CGRPR,0.8695,0.9607,Set 5,512 sequences
CGRPR,0.8715,0.9501,Set 5,512 sequences
CGRPR,0.8738,0.952,Set 5,512 sequences
CGRPR,0.8712,0.9585,Set 5,512 sequences
CGRPR,0.8548,0.9486,Set 5,512 sequences
CGRPR,0.8652,0.9591,Set 5,512 sequences
CGRPR,0.8805,0.9558,Set 5,512 sequences
CGRPR,0.8728,0.9614,Set 5,512 sequences
CGRPR,0.8538,0.9335,Set 5,512 sequences
CGRPR,0.8745,0.9462,Set 5,512 sequences
CGRPR,0.8657,0.9508,Set 5,512 sequences
CGRPR,0.8694,0.9575,Set 5,512 sequences
CGRPR,0.8488,0.9483,Set 6,1024 sequences
CGRPR,0.8411,0.9317,Set 6,1024 sequences
CGRPR,0.8566,0.9491,Set 6,1024 sequences
CGRPR,0.8479,0.9451,Set 6,1024 sequences
CGRPR,0.8582,0.9323,Set 6,1024 sequences
CGRPR,0.8545,0.9445,Set 6,1024 sequences
CGRPR,0.8688,0.9593,Set 6,1024 sequences
CGRPR,0.8699,0.946,Set 6,1024 sequences
CGRPR,0.8593,0.9364,Set 6,1024 sequences
CGRPR,0.8528,0.9458,Set 6,1024 sequences
CGRPR,0.8464,0.9349,Set 6,1024 sequences
CGRPR,0.8526,0.9409,Set 6,1024 sequences
CGRPR,0.8478,0.9482,Set 6,1024 sequences
CGRPR,0.8558,0.9377,Set 6,1024 sequences
CGRPR,0.856,0.9443,Set 6,1024 sequences
CGRPR,0.8536,0.9499,Set 6,1024 sequences
CGRPR,0.848,0.9411,Set 6,1024 sequences
CGRPR,0.8586,0.9379,Set 6,1024 sequences
CGRPR,0.8533,0.9501,Set 6,1024 sequences
CGRPR,0.8615,0.9407,Set 6,1024 sequences
CGRPR,0.8552,0.9488,Set 6,1024 sequences
CGRPR,0.8538,0.936,Set 6,1024 sequences
CGRPR,0.8502,0.952,Set 6,1024 sequences
CGRPR,0.8703,0.9591,Set 6,1024 sequences
CGRPR,0.875,0.9554,Set 6,1024 sequences
CGRPR,0.8568,0.9521,Set 6,1024 sequences
CGRPR,0.8601,0.9336,Set 6,1024 sequences
CGRPR,0.8492,0.9358,Set 6,1024 sequences
CGRPR,0.8739,0.9575,Set 6,1024 sequences
CGRPR,0.8651,0.9495,Set 6,1024 sequences
CGRPR,0.8677,0.9503,Set 6,1024 sequences
CGRPR,0.8723,0.9489,Set 6,1024 sequences
CGRPR,0.8736,0.9519,Set 6,1024 sequences
CGRPR,0.8727,0.9542,Set 6,1024 sequences
CGRPR,0.8624,0.94,Set 6,1024 sequences
CGRPR,0.8663,0.9588,Set 6,1024 sequences
CGRPR,0.8754,0.9562,Set 6,1024 sequences
CGRPR,0.8502,0.9324,Set 6,1024 sequences
CGRPR,0.8697,0.9544,Set 6,1024 sequences
CGRPR,0.8714,0.9552,Set 6,1024 sequences
CGRPR,0.8698,0.9545,Set 6,1024 sequences
CGRPR,0.8518,0.9418,Set 6,1024 sequences
CGRPR,0.8467,0.9311,Set 6,1024 sequences
CGRPR,0.8688,0.9595,Set 6,1024 sequences
CGRPR,0.8567,0.9374,Set 6,1024 sequences
CGRPR,0.869,0.9481,Set 6,1024 sequences
CGRPR,0.8735,0.9477,Set 6,1024 sequences
CGRPR,0.8559,0.9471,Set 6,1024 sequences
CGRPR,0.87,0.9477,Set 6,1024 sequences
CGRPR,0.8721,0.9567,Set 6,1024 sequences
CGRPR,0.8562,0.9502,Set 7,5120 sequences
CGRPR,0.8538,0.9392,Set 7,5120 sequences
CGRPR,0.8485,0.9497,Set 7,5120 sequences
CGRPR,0.848,0.9483,Set 7,5120 sequences
CGRPR,0.8583,0.9374,Set 7,5120 sequences
CGRPR,0.8599,0.9419,Set 7,5120 sequences
CGRPR,0.8487,0.9443,Set 7,5120 sequences
CGRPR,0.8517,0.9417,Set 7,5120 sequences
CGRPR,0.8698,0.9471,Set 7,5120 sequences
CGRPR,0.858,0.9436,Set 7,5120 sequences
CGRPR,0.8601,0.9407,Set 7,5120 sequences
CGRPR,0.8594,0.9494,Set 7,5120 sequences
CGRPR,0.8495,0.9497,Set 7,5120 sequences
CGRPR,0.8725,0.9567,Set 7,5120 sequences
CGRPR,0.8717,0.9551,Set 7,5120 sequences
CGRPR,0.8488,0.9399,Set 7,5120 sequences
CGRPR,0.8554,0.9399,Set 7,5120 sequences
CGRPR,0.8493,0.9397,Set 7,5120 sequences
CGRPR,0.8521,0.9525,Set 7,5120 sequences
CGRPR,0.8742,0.9578,Set 7,5120 sequences
CGRPR,0.8725,0.9557,Set 7,5120 sequences
CGRPR,0.8543,0.9436,Set 7,5120 sequences
CGRPR,0.8601,0.9522,Set 7,5120 sequences
CGRPR,0.8457,0.9317,Set 7,5120 sequences
CGRPR,0.8558,0.9479,Set 7,5120 sequences
CGRPR,0.8717,0.9566,Set 7,5120 sequences
CGRPR,0.8686,0.9502,Set 7,5120 sequences
CGRPR,0.8712,0.9568,Set 7,5120 sequences
CGRPR,0.8595,0.9393,Set 7,5120 sequences
CGRPR,0.8486,0.9507,Set 7,5120 sequences
CGRPR,0.8583,0.9372,Set 7,5120 sequences
CGRPR,0.8587,0.9471,Set 7,5120 sequences
CGRPR,0.8712,0.9469,Set 7,5120 sequences
CGRPR,0.8742,0.9571,Set 7,5120 sequences
CGRPR,0.8714,0.9484,Set 7,5120 sequences
CGRPR,0.854,0.9528,Set 7,5120 sequences
CGRPR,0.8582,0.9441,Set 7,5120 sequences
CGRPR,0.8706,0.9484,Set 7,5120 sequences
CGRPR,0.8748,0.9555,Set 7,5120 sequences
CGRPR,0.8676,0.9547,Set 7,5120 sequences
CGRPR,0.8721,0.9497,Set 7,5120 sequences
CGRPR,0.8701,0.9462,Set 7,5120 sequences
CGRPR,0.8724,0.9567,Set 7,5120 sequences
CGRPR,0.8699,0.9552,Set 7,5120 sequences
CGRPR,0.8518,0.9495,Set 7,5120 sequences
CGRPR,0.8722,0.9558,Set 7,5120 sequences
CGRPR,0.8705,0.952,Set 7,5120 sequences
CGRPR,0.851,0.9502,Set 7,5120 sequences
CGRPR,0.8647,0.9395,Set 7,5120 sequences
CGRPR,0.8559,0.9497,Set 7,5120 sequences